[
  {
    "name": "Electrical",
    "moveTypes": [
      "electrical",
      "electric",
      "plasma",
      "lightning",
      "thunder",
      "static",
      "electron",
      "voltage",
      "electro",
      "power",
      "spark",
      "plant"
    ],
    "effectiveness": {
      "Electrical": 1,
      "Air": 0.5,
      "Light": 0.5,
      "Plant": 2,
      "Rock": 0.5,
      "Chemical": 2,
      "Dark": 2,
      "Explosive": 1,
      "Psychic": 1,
      "Undead": 1,
      "Fire": 1,
      "Water": 0
    },
    "elements": [
      "electricity",
      "plasma",
      "lightning",
      "thunder",
      "static"
    ]
  },
  {
    "name": "Air",
    "moveTypes": [
      "atmospheric",
      "windy",
      "aerial",
      "skyward",
      "stormy",
      "cloudy",
      "hazy",
      "foggy",
      "vapor",
      "air"
    ],
    "effectiveness": {
      "Electrical": 0.5,
      "Air": 1,
      "Light": 1,
      "Plant": 0.5,
      "Rock": 2,
      "Chemical": 2,
      "Dark": 1,
      "Explosive": 0,
      "Psychic": 1,
      "Undead": 0.5,
      "Fire": 2,
      "Water": 1
    },
    "elements": [
      "air",
      "wind",
      "storm",
      "cloud",
      "vapor"
    ]
  },
  {
    "name": "Light",
    "moveTypes": [
      "radioactive",
      "ultraviolet",
      "infrared",
      "photon",
      "rainbow",
      "sunlight",
      "glowing",
      "lightwave",
      "gamma",
      "blinding",
      "light"
    ],
    "effectiveness": {
      "Electrical": 0.5,
      "Air": 0,
      "Light": 1,
      "Plant": 2,
      "Rock": 0.5,
      "Chemical": 1,
      "Dark": 2,
      "Explosive": 1,
      "Psychic": 0.5,
      "Undead": 2,
      "Fire": 1,
      "Water": 1
    },
    "elements": [
      "light",
      "radiation",
      "photon",
      "rainbow",
      "gamma"
    ]
  },
  {
    "name": "Plant",
    "moveTypes": [
      "phyto",
      "growth",
      "vine",
      "spore",
      "bloom",
      "thorn",
      "synthesis",
      "hydroponic",
      "fungus",
      "blossom",
      "algae"
    ],
    "effectiveness": {
      "Electrical": 2,
      "Air": 1,
      "Light": 2,
      "Plant": 1,
      "Rock": 1,
      "Chemical": 1,
      "Dark": 0.5,
      "Explosive": 0.5,
      "Psychic": 0,
      "Undead": 1,
      "Fire": 0.5,
      "Water": 2
    },
    "elements": [
      "plant",
      "phyto",
      "spore",
      "fungus",
      "algae"
    ]
  },
  {
    "name": "Rock",
    "moveTypes": [
      "rock",
      "magma",
      "stone",
      "lava",
      "boulder",
      "crystal",
      "igneous",
      "mineral",
      "geode",
      "metallic",
      "quartz"
    ],
    "effectiveness": {
      "Electrical": 2,
      "Air": 0.5,
      "Light": 1,
      "Plant": 1,
      "Rock": 1,
      "Chemical": 1,
      "Dark": 1,
      "Explosive": 0.5,
      "Psychic": 2,
      "Undead": 0,
      "Fire": 2,
      "Water": 0.5
    },
    "elements": [
      "rock",
      "metal",
      "lava",
      "mineral"
    ]
  },
  {
    "name": "Chemical",
    "moveTypes": [
      "acid",
      "molecular",
      "noxious",
      "poisonous",
      "toxic",
      "venomous",
      "corrosive",
      "microbe",
      "infectious",
      "neurotoxin",
      "chemical"
    ],
    "effectiveness": {
      "Electrical": 1,
      "Air": 2,
      "Light": 0,
      "Plant": 2,
      "Rock": 1,
      "Chemical": 1,
      "Dark": 1,
      "Explosive": 0.5,
      "Psychic": 2,
      "Undead": 1,
      "Fire": 0.5,
      "Water": 0.5
    },
    "elements": [
      "chemical",
      "acid",
      "poison",
      "infection",
      "neurotoxin"
    ]
  },
  {
    "name": "Dark",
    "moveTypes": [
      "midnight",
      "twilight",
      "shadow",
      "omen",
      "shadey",
      "sacrificial",
      "voodoo",
      "horror",
      "terror",
      "nightmare",
      "dark",
      "smoky"
    ],
    "effectiveness": {
      "Electrical": 0.5,
      "Air": 1,
      "Light": 2,
      "Plant": 0,
      "Rock": 1,
      "Chemical": 0.5,
      "Dark": 1,
      "Explosive": 1,
      "Psychic": 2,
      "Undead": 2,
      "Fire": 0.5,
      "Water": 1
    },
    "elements": [
      "twilight",
      "shadow",
      "voodoo",
      "smoke",
      "dark"
    ]
  },
  {
    "name": "Psychic",
    "moveTypes": [
      "illusion",
      "telepathic",
      "clairvoyant",
      "hypnosis",
      "enchanting",
      "extrasensory",
      "confusion",
      "bewitching",
      "amnesia",
      "charm",
      "psychic"
    ],
    "effectiveness": {
      "Electrical": 1,
      "Air": 1,
      "Light": 2,
      "Plant": 0.5,
      "Rock": 0.5,
      "Chemical": 0.5,
      "Dark": 0,
      "Explosive": 2,
      "Psychic": 1,
      "Undead": 2,
      "Fire": 1,
      "Water": 1
    },
    "elements": [
      "illusion",
      "hypnotic",
      "telepathic",
      "enchanting",
      "psychic"
    ]
  },
  {
    "name": "Undead",
    "moveTypes": [
      "ghost",
      "spirit",
      "phantom",
      "supernatural",
      "banshee",
      "wraith",
      "undead",
      "haunted",
      "genie",
      "undead"
    ],
    "effectiveness": {
      "Electrical": 1,
      "Air": 2,
      "Light": 0.5,
      "Plant": 1,
      "Rock": 1,
      "Chemical": 0,
      "Dark": 0.5,
      "Explosive": 2,
      "Psychic": 0.5,
      "Undead": 1,
      "Fire": 1,
      "Water": 2
    },
    "elements": [
      "ghost",
      "phantom",
      "supernatural",
      "wraith",
      "undead",
      "undead"
    ]
  },
  {
    "name": "Fire",
    "moveTypes": [
      "flame",
      "ember",
      "burning",
      "fire",
      "blazen",
      "inferno",
      "incinerating",
      "scorching",
      "smoldering",
      "sweltering",
      "pyro"
    ],
    "effectiveness": {
      "Electrical": 1,
      "Air": 0.5,
      "Light": 0.5,
      "Plant": 2,
      "Rock": 0.5,
      "Chemical": 2,
      "Dark": 2,
      "Explosive": 1,
      "Psychic": 1,
      "Undead": 1,
      "Fire": 1,
      "Water": 0
    },
    "elements": [
      "flame",
      "fire",
      "inferno",
      "pyro",
      "ember"
    ]
  },
  {
    "name": "Water",
    "moveTypes": [
      "dousing",
      "rain",
      "hydro",
      "aqua",
      "aquatic",
      "hydraulic",
      "water",
      "splashing",
      "spraying"
    ],
    "effectiveness": {
      "Electrical": 0,
      "Air": 1,
      "Light": 1,
      "Plant": 0.5,
      "Rock": 2,
      "Chemical": 0.5,
      "Dark": 1,
      "Explosive": 2,
      "Psychic": 1,
      "Undead": 0.5,
      "Fire": 2,
      "Water": 1
    },
    "elements": [
      "hydro",
      "aqua",
      "water"
    ]
  },
  {
    "name": "Ice",
    "moveTypes": [
      "ice",
      "frost"
    ],
    "effectiveness": {
      "Electrical": 0,
      "Air": 1,
      "Light": 1,
      "Plant": 0.5,
      "Rock": 2,
      "Chemical": 0.5,
      "Dark": 1,
      "Explosive": 2,
      "Psychic": 1,
      "Undead": 0.5,
      "Fire": 2,
      "Water": 1
    },
    "elements": [
      "ice",
      "frost"
    ]
  },
  {
    "name": "Metallic",
    "moveTypes": [
      "metal"
    ],
    "effectiveness": {
      "Electrical": 0,
      "Air": 1,
      "Light": 1,
      "Plant": 0.5,
      "Rock": 2,
      "Chemical": 0.5,
      "Dark": 1,
      "Explosive": 2,
      "Psychic": 1,
      "Undead": 0.5,
      "Fire": 2,
      "Water": 1
    },
    "elements": [
      "metal"
    ]
  },
  {
    "name": "Sand",
    "moveTypes": [
      "sand"
    ],
    "effectiveness": {
      "Electrical": 0,
      "Air": 1,
      "Light": 1,
      "Plant": 0.5,
      "Rock": 2,
      "Chemical": 0.5,
      "Dark": 1,
      "Explosive": 2,
      "Psychic": 1,
      "Undead": 0.5,
      "Fire": 2,
      "Water": 1
    },
    "elements": [
      "sand"
    ]
  }
]