[
  {
    "name": "Armor",
    "definition": "protective covering to defend against weapons",
    "effectRating": 0,
    "effect": "raiseDefense",
    "sentencePrefix": "",
    "category": "status"
  },
  {
    "name": "Camouflage",
    "definition": "",
    "effectRating": 0,
    "effect": "raiseEvasion",
    "sentencePrefix": "",
    "category": "status"
  },
  {
    "name": "Recharge",
    "definition": "",
    "effectRating": 0,
    "effect": "raiseStamina",
    "sentencePrefix": "",
    "category": "status"
  },
  {
    "name": "Powerup",
    "definition": "",
    "effectRating": 0,
    "effect": "raiseAttack",
    "sentencePrefix": "",
    "category": "status"
  },
  {
    "name": "Guard",
    "definition": "",
    "effectRating": 0,
    "effect": "raiseDefense",
    "sentencePrefix": "",
    "category": "status"
  },
  {
    "name": "Protect",
    "definition": "",
    "effectRating": 0,
    "effect": "raiseDefense",
    "sentencePrefix": "",
    "category": "status"
  },
  {
    "name": "Recuperate",
    "definition": "",
    "effectRating": 0,
    "effect": "raiseStamina",
    "sentencePrefix": "",
    "category": "status"
  },
  {
    "name": "Recover",
    "definition": "",
    "effectRating": 0,
    "effect": "raiseHealth",
    "sentencePrefix": "",
    "category": "status"
  },
  {
    "name": "Rest",
    "definition": "",
    "effectRating": 0,
    "effect": "raiseHealth",
    "sentencePrefix": "",
    "category": "status"
  },
  {
    "name": "Shield",
    "definition": "",
    "effectRating": 0,
    "effect": "raiseDefense",
    "sentencePrefix": "",
    "category": "status"
  },
  {
    "name": "Defend",
    "definition": "",
    "effectRating": 0,
    "effect": "raiseDefense",
    "sentencePrefix": "",
    "category": "status"
  },
  {
    "name": "Meditation",
    "definition": "",
    "effectRating": 0,
    "effect": "raiseAttack",
    "sentencePrefix": "",
    "category": "status"
  },
  {
    "name": "Bolster",
    "definition": "",
    "effectRating": 0,
    "effect": "raiseAttack",
    "sentencePrefix": "",
    "category": "status"
  },
  {
    "name": "Bulk",
    "definition": "",
    "effectRating": 0,
    "effect": "raiseAttack",
    "sentencePrefix": "",
    "category": "status"
  },
  {
    "name": "Heal",
    "definition": "",
    "effectRating": 0,
    "effect": "raiseHealth",
    "sentencePrefix": "",
    "category": "status"
  },
  {
    "name": "Cure",
    "definition": "",
    "effectRating": 0,
    "effect": "removeStatus",
    "sentencePrefix": "",
    "category": "status"
  },
  {
    "name": "Treatment",
    "definition": "",
    "effectRating": 0,
    "effect": "removeStatus",
    "sentencePrefix": "",
    "category": "status"
  },
  {
    "name": "Remedy",
    "definition": "",
    "effectRating": 0,
    "effect": "removeStatus",
    "sentencePrefix": "",
    "category": "status"
  },
  {
    "name": "Restore",
    "definition": "",
    "effectRating": 0,
    "effect": "raiseHealth",
    "sentencePrefix": "",
    "category": "status"
  }
]