{
    "ace": "Achinese",
    "af": "Afrikaans",
    "ay": "Aymara",
    "bjn": "Malay",
    "bm": "Bambara",
    "br": "Breton",
    "bs": "Bosnian",
    "ca": "Catalan",
    "cdo": "Min Dong Chinese",
    "cy": "Welsh",
    "de": "German",
    "diq": "Dimli",
    "eml": "Emiliano-Romagnolo",
    "es": "Spanish",
    "et": "Estonian",
    "eu": "Basque",
    "fr": "French",
    "frr": "Northern Frisian",
    "gl": "Galician",
    "gn": "Guarani",
    "ha": "Hausa",
    "id": "Indonesian",
    "is": "Icelandic",
    "it": "Italian",
    "jbo": "Lojban",
    "kg": "Kongo",
    "kw": "Cornish",
    "lad": "Ladino",
    "lb": "Luxembourgish",
    "ms": "Malay",
    "mt": "Maltese",
    "mwl": "Mirandese",
    "nds": "Low German",
    "nl": "Dutch",
    "nn": "Norwegian Nynorsk",
    "nrm": "Narom",
    "pam": "Pampanga",
    "pdc": "Pennsylvania German",
    "pt": "Portuguese",
    "qu": "Quechua",
    "rw": "Kinyarwanda",
    "sn": "Shona",
    "so": "Somali",
    "sq": "Albanian",
    "srn": "Sranan Tongo",
    "stq": "Saterfriesisch",
    "tl": "Tagalog",
    "tpi": "Tok Pisin",
    "vec": "Venetian",
    "war": "Waray",
    "wo": "Wolof",
    "eo": "Esperanto",
    "da": "Danish"
}