[
  {
    "name": "Bioflim",
    "origin": null,
    "description": null,
    "statRatings": {
      "standardAttackRating": "",
      "specialAttackRating": "",
      "standardDefenseRating": "",
      "specialDefenseRating": "",
      "speedRating": "",
      "evasionRating": "",
      "healthRating": "",
      "staminaRating": "",
      "recoveryRating": ""
    }
  },
  {
    "name": "Dromeus",
    "origin": null,
    "description": null,
    "statRatings": {
      "standardAttackRating": "",
      "specialAttackRating": "",
      "standardDefenseRating": "",
      "specialDefenseRating": "",
      "speedRating": "",
      "evasionRating": "",
      "healthRating": "",
      "staminaRating": "",
      "recoveryRating": ""
    }
  },
  {
    "name": "Tetrahive",
    "origin": null,
    "description": null,
    "statRatings": {
      "standardAttackRating": "",
      "specialAttackRating": "",
      "standardDefenseRating": "",
      "specialDefenseRating": "",
      "speedRating": "",
      "evasionRating": "",
      "healthRating": "",
      "staminaRating": "",
      "recoveryRating": ""
    }
  },
  {
    "name": "Xylum",
    "origin": null,
    "description": null,
    "statRatings": {
      "standardAttackRating": "",
      "specialAttackRating": "",
      "standardDefenseRating": "",
      "specialDefenseRating": "",
      "speedRating": "",
      "evasionRating": "",
      "healthRating": "",
      "staminaRating": "",
      "recoveryRating": ""
    }
  }
]