[
  {
    "name": "Electrical",
    "synonyms": [
      "electric",
      "plasma",
      "lightening",
      "thunder",
      "static",
      "electron",
      "voltage",
      "electro",
      "power",
      "spark"
    ],
    "effectiveness": {
      "Electrical": 1,
      "Air": 0.5,
      "Light": 0.5,
      "Botanical": 2,
      "Geological": 0.5,
      "Chemical": 2,
      "Dark": 2,
      "Explosive": 1,
      "Psychic": 1,
      "Spectral": 1,
      "Fire": 1,
      "Water": 0
    }
  },
  {
    "name": "Air",
    "synonyms": [
      "atmospheric",
      "wind",
      "aerial",
      "sky",
      "storm",
      "cloud",
      "cumulus",
      "haze",
      "fog",
      "nimbus"
    ],
    "effectiveness": {
      "Electrical": 0.5,
      "Air": 1,
      "Light": 1,
      "Botanical": 0.5,
      "Geological": 2,
      "Chemical": 2,
      "Dark": 1,
      "Explosive": 0,
      "Psychic": 1,
      "Spectral": 0.5,
      "Fire": 2,
      "Water": 1
    }
  },
  {
    "name": "Light",
    "synonyms": [
      "radiation",
      "ultraviolet",
      "infrared",
      "photon",
      "rainbow",
      "sunlight",
      "glow",
      "lightwave",
      "gamma",
      "blinding"
    ],
    "effectiveness": {
      "Electrical": 0.5,
      "Air": 0,
      "Light": 1,
      "Botanical": 2,
      "Geological": 0.5,
      "Chemical": 1,
      "Dark": 2,
      "Explosive": 1,
      "Psychic": 0.5,
      "Spectral": 2,
      "Fire": 1,
      "Water": 1
    }
  },
  {
    "name": "Botanical",
    "synonyms": [
      "phyto",
      "growth",
      "vine",
      "spore",
      "bloom",
      "thorn",
      "synthesis",
      "hydroponic",
      "fungis",
      "blossom"
    ],
    "effectiveness": {
      "Electrical": 2,
      "Air": 1,
      "Light": 2,
      "Botanical": 1,
      "Geological": 1,
      "Chemical": 1,
      "Dark": 0.5,
      "Explosive": 0.5,
      "Psychic": 0,
      "Spectral": 1,
      "Fire": 0.5,
      "Water": 2
    }
  },
  {
    "name": "Geological",
    "synonyms": [
      "rock",
      "magma",
      "stone",
      "lava",
      "boulder",
      "crystal",
      "igneous",
      "mineral",
      "geode",
      "quartz"
    ],
    "effectiveness": {
      "Electrical": 2,
      "Air": 0.5,
      "Light": 1,
      "Botanical": 1,
      "Geological": 1,
      "Chemical": 1,
      "Dark": 1,
      "Explosive": 0.5,
      "Psychic": 2,
      "Spectral": 0,
      "Fire": 2,
      "Water": 0.5
    }
  },
  {
    "name": "Chemical",
    "synonyms": [
      "acid",
      "molecular",
      "noxious",
      "poison",
      "toxin",
      "venom",
      "corrosive",
      "microbe",
      "infectious",
      "neurotoxin"
    ],
    "effectiveness": {
      "Electrical": 1,
      "Air": 2,
      "Light": 0,
      "Botanical": 2,
      "Geological": 1,
      "Chemical": 1,
      "Dark": 1,
      "Explosive": 0.5,
      "Psychic": 2,
      "Spectral": 1,
      "Fire": 0.5,
      "Water": 0.5
    }
  },
  {
    "name": "Dark",
    "synonyms": [
      "midnight",
      "twilight",
      "shadow",
      "omen",
      "shadey",
      "sacrificial",
      "voodoo",
      "horror",
      "terror",
      "nightmare"
    ],
    "effectiveness": {
      "Electrical": 0.5,
      "Air": 1,
      "Light": 2,
      "Botanical": 0,
      "Geological": 1,
      "Chemical": 0.5,
      "Dark": 1,
      "Explosive": 1,
      "Psychic": 2,
      "Spectral": 2,
      "Fire": 0.5,
      "Water": 1
    }
  },
  {
    "name": "Explosive",
    "synonyms": [
      "nitro",
      "quake",
      "rocket",
      "supersonic",
      "subsonic",
      "combustion",
      "supernova",
      "nuclear",
      "atomic",
      "energy"
    ],
    "effectiveness": {
      "Electrical": 2,
      "Air": 2,
      "Light": 1,
      "Botanical": 1,
      "Geological": 2,
      "Chemical": 1,
      "Dark": 0.5,
      "Explosive": 1,
      "Psychic": 1,
      "Spectral": 0.5,
      "Fire": 0,
      "Water": 0.5
    }
  },
  {
    "name": "Psychic",
    "synonyms": [
      "illusion",
      "telepathic",
      "clairvoyant",
      "hypnosis",
      "enchanting",
      "extrasensory",
      "confusion",
      "bewitching",
      "amnesia",
      "charm"
    ],
    "effectiveness": {
      "Electrical": 1,
      "Air": 1,
      "Light": 2,
      "Botanical": 0.5,
      "Geological": 0.5,
      "Chemical": 0.5,
      "Dark": 0,
      "Explosive": 2,
      "Psychic": 1,
      "Spectral": 2,
      "Fire": 1,
      "Water": 1
    }
  },
  {
    "name": "Spectral",
    "synonyms": [
      "ghost",
      "spirit",
      "phantom",
      "supernatural",
      "banshee",
      "wraith",
      "undead",
      "haunted",
      "genie",
      "aura"
    ],
    "effectiveness": {
      "Electrical": 1,
      "Air": 2,
      "Light": 0.5,
      "Botanical": 1,
      "Geological": 1,
      "Chemical": 0,
      "Dark": 0.5,
      "Explosive": 2,
      "Psychic": 0.5,
      "Spectral": 1,
      "Fire": 1,
      "Water": 2
    }
  },
  {
    "name": "Fire",
    "synonyms": [
      "flame",
      "ember",
      "burning",
      "fire",
      "blazen",
      "inferno",
      "incinerating",
      "scorching",
      "smoldering",
      "sweltering"
    ],
    "effectiveness": {
      "Electrical": 1,
      "Air": 0.5,
      "Light": 0.5,
      "Botanical": 2,
      "Geological": 0.5,
      "Chemical": 2,
      "Dark": 2,
      "Explosive": 1,
      "Psychic": 1,
      "Spectral": 1,
      "Fire": 1,
      "Water": 0
    }
  },
  {
    "name": "Water",
    "synonyms": [
      "dousing",
      "rain",
      "hydro",
      "aqua",
      "aquatic",
      "ice",
      "hydraulic",
      "water",
      "splashing",
      "spraying"
    ],
    "effectiveness": {
      "Electrical": 0,
      "Air": 1,
      "Light": 1,
      "Botanical": 0.5,
      "Geological": 2,
      "Chemical": 0.5,
      "Dark": 1,
      "Explosive": 2,
      "Psychic": 1,
      "Spectral": 0.5,
      "Fire": 2,
      "Water": 1
    }
  }
]