[
  {
    "name": "Absurd",
    "definition": "logically inconsistent or unreasonable",
    "effectRating": 4
  },
  {
    "name": "Acute",
    "definition": "extremely sharp or severe",
    "effectRating": 6
  },
  {
    "name": "Advanced",
    "definition": "skillful or highly trained",
    "effectRating": 7
  },
  {
    "name": "Agile",
    "definition": "quick and lightly moving",
    "effectRating": 6
  },
  {
    "name": "Angry",
    "definition": "severely inflamed and painful",
    "effectRating": 7
  },
  {
    "name": "Annihilative",
    "definition": "completely destructive",
    "effectRating": 8
  },
  {
    "name": "Arduous",
    "definition": "exhausting or physically tiring",
    "effectRating": 6
  },
  {
    "name": "Arrant",
    "definition": "complete, fully encompassing",
    "effectRating": 3
  },
  {
    "name": "Backbreaking",
    "definition": "physically demanding",
    "effectRating": 7
  },
  {
    "name": "Balmy",
    "definition": "mild and pleasant",
    "effectRating": 3
  },
  {
    "name": "Baneful",
    "definition": "exceedingly harmful",
    "effectRating": 8
  },
  {
    "name": "Barbaric",
    "definition": "morally primitive",
    "effectRating": 6
  },
  {
    "name": "Barbarous",
    "definition": "savagely cruel or exceedingly brutal",
    "effectRating": 7
  },
  {
    "name": "Beastly",
    "definition": "cruel and unrestrained",
    "effectRating": 7
  },
  {
    "name": "Bestial",
    "definition": "cruel and unrestrained",
    "effectRating": 7
  },
  {
    "name": "Big",
    "definition": "very intense",
    "effectRating": 6
  },
  {
    "name": "Bothersome",
    "definition": "annoying or irritating",
    "effectRating": 4
  },
  {
    "name": "Bowelless",
    "definition": "competitively ruthless",
    "effectRating": 6
  },
  {
    "name": "Brawny",
    "definition": "physically strong, rugged and powerful",
    "effectRating": 6
  },
  {
    "name": "Brutal",
    "definition": "punishingly harsh",
    "effectRating": 8
  },
  {
    "name": "Brutish",
    "definition": "savagely violent",
    "effectRating": 7
  },
  {
    "name": "Calamitous",
    "definition": "catastrophic or disastrous",
    "effectRating": 9
  },
  {
    "name": "Canny",
    "definition": "pleasant or nice",
    "effectRating": 3
  },
  {
    "name": "Cockeyed",
    "definition": "absurd or impractical",
    "effectRating": 3
  },
  {
    "name": "Complete",
    "definition": "highly skilled",
    "effectRating": 4
  },
  {
    "name": "Complicated",
    "definition": "difficult or confusing",
    "effectRating": 6
  },
  {
    "name": "Condemnable",
    "definition": "severely shameful",
    "effectRating": 5
  },
  {
    "name": "Crafty",
    "definition": "deceptively skillful",
    "effectRating": 4
  },
  {
    "name": "Cruel",
    "definition": "severely unrelenting",
    "effectRating": 6
  },
  {
    "name": "Crushing",
    "definition": "physically devastating",
    "effectRating": 5
  },
  {
    "name": "Cunning",
    "definition": "inventive and skillful",
    "effectRating": 5
  },
  {
    "name": "Dangerous",
    "definition": "likely harmful or injury prone",
    "effectRating": 4
  },
  {
    "name": "Debile",
    "definition": "physically weak or feeble",
    "effectRating": 2
  },
  {
    "name": "Decrepit",
    "definition": "frail and physically incapable",
    "effectRating": 2
  },
  {
    "name": "Delirious",
    "definition": "wildly excited or emotional",
    "effectRating": 3
  },
  {
    "name": "Deluxe",
    "definition": "superior or excellent",
    "effectRating": 5
  },
  {
    "name": "Deplorable",
    "definition": "low quality",
    "effectRating": 2
  },
  {
    "name": "Desperate",
    "definition": "extremely wishful",
    "effectRating": 2
  },
  {
    "name": "Dingy",
    "definition": "dirty looking",
    "effectRating": 3
  },
  {
    "name": "Disabling",
    "definition": "crippling or incapacitating",
    "effectRating": 6
  },
  {
    "name": "Disastrous",
    "definition": "extremely unfortunate or calamitous",
    "effectRating": 7
  },
  {
    "name": "Dismal",
    "definition": "pitiful or disgraceful",
    "effectRating": 2
  },
  {
    "name": "Dispirited",
    "definition": "gloomy or discouraged",
    "effectRating": 3
  },
  {
    "name": "Distinguished",
    "definition": "noble or dignified",
    "effectRating": 5
  },
  {
    "name": "Dodgy",
    "definition": "skillfully deceptive",
    "effectRating": 5
  },
  {
    "name": "Downcast",
    "definition": "dispirited or gloomy",
    "effectRating": 3
  },
  {
    "name": "Downhearted",
    "definition": "dispirited or gloomy",
    "effectRating": 2
  },
  {
    "name": "Drab",
    "definition": "faded or dull",
    "effectRating": 3
  },
  {
    "name": "Dreary",
    "definition": "unlively or dismal",
    "effectRating": 3
  },
  {
    "name": "Elevated",
    "definition": "raised or superior",
    "effectRating": 6
  },
  {
    "name": "Enraged",
    "definition": "extremely angry",
    "effectRating": 7
  },
  {
    "name": "Epic",
    "definition": "very imposing or impressive",
    "effectRating": 8
  },
  {
    "name": "Ethereal",
    "definition": "divine, spiritually perfect",
    "effectRating": 9
  },
  {
    "name": "Everlasting",
    "definition": "indefinite, continual",
    "effectRating": 8
  },
  {
    "name": "Evil",
    "definition": "morally bad or wrong",
    "effectRating": 8
  },
  {
    "name": "Exalted",
    "definition": "highly moral or intellectual",
    "effectRating": 7
  },
  {
    "name": "Faint",
    "definition": "weak or feeble",
    "effectRating": 3
  },
  {
    "name": "Fallible",
    "definition": "error prone",
    "effectRating": 3
  },
  {
    "name": "Fantastic",
    "definition": "extraordinarily good or great",
    "effectRating": 7
  },
  {
    "name": "Farcical",
    "definition": "broadly or extravagantly humorous",
    "effectRating": 2
  },
  {
    "name": "Fast",
    "definition": "rapid or quick",
    "effectRating": 5
  },
  {
    "name": "Fateful",
    "definition": "extremely unfortunate",
    "effectRating": 5
  },
  {
    "name": "Feeble",
    "definition": "pathetically weak",
    "effectRating": 2
  },
  {
    "name": "Feral",
    "definition": "wild and menacing",
    "effectRating": 4
  },
  {
    "name": "Ferocious",
    "definition": "extremely violent and energetic",
    "effectRating": 7
  },
  {
    "name": "Fierce",
    "definition": "violent and energetic",
    "effectRating": 6
  },
  {
    "name": "Firm",
    "definition": "strong and sure",
    "effectRating": 5
  },
  {
    "name": "Forbidding",
    "definition": "threatening or foreshadowing",
    "effectRating": 5
  },
  {
    "name": "Foxy",
    "definition": "skillfully deceptive",
    "effectRating": 5
  },
  {
    "name": "Frail",
    "definition": "physically weak",
    "effectRating": 2
  },
  {
    "name": "Frenzied",
    "definition": "excessively agitated",
    "effectRating": 6
  },
  {
    "name": "Furious",
    "definition": "extremely angry",
    "effectRating": 7
  },
  {
    "name": "Galling",
    "definition": "irritating or annoying",
    "effectRating": 3
  },
  {
    "name": "Ghastly",
    "definition": "gruesomely deadly",
    "effectRating": 8
  },
  {
    "name": "Gilded",
    "definition": "ostentatiously rich and superior",
    "effectRating": 6
  },
  {
    "name": "Gloomy",
    "definition": "dismal and dreary",
    "effectRating": 3
  },
  {
    "name": "Grand",
    "definition": "impressive and ambitious",
    "effectRating": 5
  },
  {
    "name": "Grave",
    "definition": "dangerous or harmful",
    "effectRating": 5
  },
  {
    "name": "Great",
    "definition": "very good",
    "effectRating": 5
  },
  {
    "name": "Grievous",
    "definition": "shockingly brutal or cruel",
    "effectRating": 7
  },
  {
    "name": "Grim",
    "definition": "discouraging or depressing",
    "effectRating": 4
  },
  {
    "name": "Grisly",
    "definition": "shockingly repellent",
    "effectRating": 7
  },
  {
    "name": "Gross",
    "definition": "conspicuous and tasteless",
    "effectRating": 3
  },
  {
    "name": "Grueling",
    "definition": "physically exhausting",
    "effectRating": 6
  },
  {
    "name": "Gruesome",
    "definition": "shockingly repellent",
    "effectRating": 6
  },
  {
    "name": "Guileful",
    "definition": "deceitful and cunning",
    "effectRating": 6
  },
  {
    "name": "Hard",
    "definition": "very strong or vigorous",
    "effectRating": 5
  },
  {
    "name": "Heavy",
    "definition": "highly numbered or dense",
    "effectRating": 5
  },
  {
    "name": "Hefty",
    "definition": "strong and sturdy",
    "effectRating": 5
  },
  {
    "name": "Herculean",
    "definition": "incredibly strong and powerful",
    "effectRating": 8
  },
  {
    "name": "Heroic",
    "definition": "impressive and courageous",
    "effectRating": 7
  },
  {
    "name": "Howling",
    "definition": "extraordinarily good or great",
    "effectRating": 6
  },
  {
    "name": "Idiotic",
    "definition": "insanely irresponsible",
    "effectRating": 3
  },
  {
    "name": "Immediate",
    "definition": "extremely quick",
    "effectRating": 5
  },
  {
    "name": "Impenetrable",
    "definition": "powerfully incapable or impervious",
    "effectRating": 7
  },
  {
    "name": "Imperfect",
    "definition": "defective or inadequate",
    "effectRating": 4
  },
  {
    "name": "Imposing",
    "definition": "grand or impressive",
    "effectRating": 6
  },
  {
    "name": "Impregnable",
    "definition": "impossibly tough or difficult",
    "effectRating": 7
  },
  {
    "name": "Incapacitating",
    "definition": "crippling or disabling",
    "effectRating": 7
  },
  {
    "name": "Infuriated",
    "definition": "extremely angry",
    "effectRating": 5
  },
  {
    "name": "Ingenious",
    "definition": "showing inventiveness and skill",
    "effectRating": 6
  },
  {
    "name": "Insensible",
    "definition": "barely able to be perceived",
    "effectRating": 3
  },
  {
    "name": "Irritating",
    "definition": "causing physical discomfort",
    "effectRating": 3
  },
  {
    "name": "Knavish",
    "definition": "skillfully deceptive",
    "effectRating": 6
  },
  {
    "name": "Labored",
    "definition": "heavy or strained",
    "effectRating": 4
  },
  {
    "name": "Laborious",
    "definition": "hard working or industrious",
    "effectRating": 4
  },
  {
    "name": "Large",
    "definition": "greatly sized",
    "effectRating": 5
  },
  {
    "name": "Laughable",
    "definition": "funny or ludicrous",
    "effectRating": 2
  },
  {
    "name": "Lethal",
    "definition": "imminently deadly",
    "effectRating": 9
  },
  {
    "name": "Lifeless",
    "definition": "dull or inanimate",
    "effectRating": 3
  },
  {
    "name": "Lofty",
    "definition": "highly moral or intellectual",
    "effectRating": 4
  },
  {
    "name": "Lumbering",
    "definition": "slow and laborious",
    "effectRating": 4
  },
  {
    "name": "Mad",
    "definition": "insane or crazy",
    "effectRating": 5
  },
  {
    "name": "Mammoth",
    "definition": "exceedingly large or extensive",
    "effectRating": 6
  },
  {
    "name": "Marvelous",
    "definition": "extraordinarily good or great",
    "effectRating": 6
  },
  {
    "name": "Meek",
    "definition": "overly submissive or compliant",
    "effectRating": 3
  },
  {
    "name": "Mighty",
    "definition": "very strong or intense",
    "effectRating": 6
  },
  {
    "name": "Mindless",
    "definition": "foolish or heedless",
    "effectRating": 3
  },
  {
    "name": "Modest",
    "definition": "sufficiently sized",
    "effectRating": 3
  },
  {
    "name": "Monolithic",
    "definition": "massive and rigid",
    "effectRating": 7
  },
  {
    "name": "Monumental",
    "definition": "physically imposing or powerful",
    "effectRating": 7
  },
  {
    "name": "Muscular",
    "definition": "physically rugged and powerful",
    "effectRating": 5
  },
  {
    "name": "Nimble",
    "definition": "quickly and lightly moving",
    "effectRating": 4
  },
  {
    "name": "Nitwitted",
    "definition": "nonsensical or unwise",
    "effectRating": 2
  },
  {
    "name": "Nonsensical",
    "definition": "foolish and absurd",
    "effectRating": 2
  },
  {
    "name": "Otiose",
    "definition": "pointless and lazy",
    "effectRating": 2
  },
  {
    "name": "Perfect",
    "definition": "totally complete and faultless",
    "effectRating": 9
  },
  {
    "name": "Pernicious",
    "definition": "exceedingly harmful",
    "effectRating": 6
  },
  {
    "name": "Persistent",
    "definition": "never-ceasing",
    "effectRating": 4
  },
  {
    "name": "Pesky",
    "definition": "irritating or annoying",
    "effectRating": 3
  },
  {
    "name": "Pestering",
    "definition": "irritating or annoying",
    "effectRating": 3
  },
  {
    "name": "Pestilent",
    "definition": "exceedingly harmful",
    "effectRating": 6
  },
  {
    "name": "Phrenetic",
    "definition": "excessively agitated",
    "effectRating": 5
  },
  {
    "name": "Pitiless",
    "definition": "merciless and unrelenting",
    "effectRating": 4
  },
  {
    "name": "Pointless",
    "definition": "purposeless and unnecessary",
    "effectRating": 2
  },
  {
    "name": "Ponderous",
    "definition": "slow and laborious",
    "effectRating": 3
  },
  {
    "name": "Potent",
    "definition": "strong and mighty",
    "effectRating": 5
  },
  {
    "name": "Powerful",
    "definition": "effective or potent",
    "effectRating": 7
  },
  {
    "name": "Preposterous",
    "definition": "entirely contrarian and absurd",
    "effectRating": 2
  },
  {
    "name": "Profound",
    "definition": "complete and intense",
    "effectRating": 6
  },
  {
    "name": "Prompt",
    "definition": "quick, willing and ready",
    "effectRating": 4
  },
  {
    "name": "Punishing",
    "definition": "roughly handling and painful",
    "effectRating": 7
  },
  {
    "name": "Purposeless",
    "definition": "pointless and completely unnecessary",
    "effectRating": 2
  },
  {
    "name": "Quick",
    "definition": "speedy and prompt",
    "effectRating": 5
  },
  {
    "name": "Raging",
    "definition": "intensely angry or violent",
    "effectRating": 7
  },
  {
    "name": "Rattling",
    "definition": "extraordinarily good or great",
    "effectRating": 8
  },
  {
    "name": "Reasonless",
    "definition": "pointless or useless",
    "effectRating": 2
  },
  {
    "name": "Relentless",
    "definition": "never-ceasing",
    "effectRating": 5
  },
  {
    "name": "Remorseless",
    "definition": "merciless or pitiless",
    "effectRating": 5
  },
  {
    "name": "Rickety",
    "definition": "physically weak or shaking",
    "effectRating": 2
  },
  {
    "name": "Ridiculous",
    "definition": "broadly or extravagantly humorous",
    "effectRating": 2
  },
  {
    "name": "Risky",
    "definition": "dangerous or potentially hazardous",
    "effectRating": 3
  },
  {
    "name": "Rough",
    "definition": "violently agitated and turbulent",
    "effectRating": 5
  },
  {
    "name": "Sapless",
    "definition": "physically weak",
    "effectRating": 3
  },
  {
    "name": "Savage",
    "definition": "extremely violent and crude",
    "effectRating": 7
  },
  {
    "name": "Sensational",
    "definition": "attention commanding",
    "effectRating": 6
  },
  {
    "name": "Slick",
    "definition": "skillfully deceptive",
    "effectRating": 5
  },
  {
    "name": "Sneaky",
    "definition": "deceptive and dishonest",
    "effectRating": 5
  },
  {
    "name": "Sodding",
    "definition": "obnoxious or contemptible",
    "effectRating": 3
  },
  {
    "name": "Soft",
    "definition": "mild and pleasant",
    "effectRating": 2
  },
  {
    "name": "Solid",
    "definition": "substantial and full",
    "effectRating": 4
  },
  {
    "name": "Sorry",
    "definition": "meritless and useless",
    "effectRating": 2
  },
  {
    "name": "Speedy",
    "definition": "quick and rapidly accomplished",
    "effectRating": 5
  },
  {
    "name": "Spry",
    "definition": "quick and lightly moving",
    "effectRating": 5
  },
  {
    "name": "Stark",
    "definition": "severely simple",
    "effectRating": 4
  },
  {
    "name": "Stealthy",
    "definition": "secret and sneaky",
    "effectRating": 5
  },
  {
    "name": "Stern",
    "definition": "severe and unremitting or demanding",
    "effectRating": 5
  },
  {
    "name": "Stiff",
    "definition": "very effective",
    "effectRating": 4
  },
  {
    "name": "Strong",
    "definition": "physically powerful",
    "effectRating": 5
  },
  {
    "name": "Sublime",
    "definition": "greatest extreme or maximal",
    "effectRating": 6
  },
  {
    "name": "Substantial",
    "definition": "highly important or strong",
    "effectRating": 5
  },
  {
    "name": "Tearing",
    "definition": "violently hasty or fervid",
    "effectRating": 5
  },
  {
    "name": "Teasing",
    "definition": "irritating or annoying",
    "effectRating": 3
  },
  {
    "name": "Terrible",
    "definition": "exceptionally bad or displeasing",
    "effectRating": 2
  },
  {
    "name": "Terrific",
    "definition": "extraordinarily good or great",
    "effectRating": 7
  },
  {
    "name": "Threatening",
    "definition": "ominously foreshadowing or menacing",
    "effectRating": 4
  },
  {
    "name": "Toilsome",
    "definition": "physically demanding or laborous",
    "effectRating": 3
  },
  {
    "name": "Tremendous",
    "definition": "extraordinarily good or great",
    "effectRating": 7
  },
  {
    "name": "Tricky",
    "definition": "skillfully deceptive",
    "effectRating": 5
  },
  {
    "name": "Unbelievable",
    "definition": "unfathomable, impossible",
    "effectRating": 8
  },
  {
    "name": "Unforgiving",
    "definition": "unwilling or merciless",
    "effectRating": 6
  },
  {
    "name": "Unfriendly",
    "definition": "disagreeable or hostile",
    "effectRating": 4
  },
  {
    "name": "Unmediated",
    "definition": "unstopped or untouched",
    "effectRating": 5
  },
  {
    "name": "Unrelenting",
    "definition": "punishingly harsh",
    "effectRating": 7
  },
  {
    "name": "Vehement",
    "definition": "greatly forceful",
    "effectRating": 8
  },
  {
    "name": "Vexing",
    "definition": "extremely annoying or displeasing",
    "effectRating": 5
  },
  {
    "name": "Vicious",
    "definition": "deliberately harmful",
    "effectRating": 7
  },
  {
    "name": "Violent",
    "definition": "physically intense or extreme",
    "effectRating": 6
  },
  {
    "name": "Virtuous",
    "definition": "morally excellent",
    "effectRating": 7
  },
  {
    "name": "Vital",
    "definition": "essential or important",
    "effectRating": 5
  },
  {
    "name": "Wasted",
    "definition": "Poorly executed",
    "effectRating": 4
  },
  {
    "name": "Weak",
    "definition": "deficient or unskilled",
    "effectRating": 2
  },
  {
    "name": "Wicked",
    "definition": "morally bad or evil",
    "effectRating": 7
  },
  {
    "name": "Wild",
    "definition": "unrestrained or crazily intense",
    "effectRating": 6
  },
  {
    "name": "Wondrous",
    "definition": "extraordinarily good or great",
    "effectRating": 7
  }
]