[
  {
    "name": "Abrasion",
    "definition": "erosion by friction",
    "effectRating": 2,
    "sentencePrefix": ""
  },
  {
    "name": "Ambush",
    "definition": "act of concealing, lying, and waiting to attack by surprise",
    "effectRating": 5,
    "sentencePrefix": ""
  },
  {
    "name": "Assault",
    "definition": "physical attack attempting to cause bodily harm",
    "effectRating": 5,
    "sentencePrefix": ""
  },
  {
    "name": "Attack",
    "definition": "aggressive and violent action",
    "effectRating": 4,
    "sentencePrefix": ""
  },
  {
    "name": "Bam",
    "definition": "sudden very loud noise",
    "effectRating": 3,
    "sentencePrefix": ""
  },
  {
    "name": "Bang",
    "definition": "vigorous attack",
    "effectRating": 4,
    "sentencePrefix": ""
  },
  {
    "name": "Barrage",
    "definition": "heavy fire of artillery saturating an area",
    "effectRating": 6,
    "sentencePrefix": ""
  },
  {
    "name": "Bash",
    "definition": "intense physical attack",
    "effectRating": 6,
    "sentencePrefix": ""
  },
  {
    "name": "Battery",
    "definition": "assault with physical contact",
    "effectRating": 6,
    "sentencePrefix": ""
  },
  {
    "name": "Beam",
    "definition": "column of light emitting from an energy source",
    "effectRating": 7,
    "sentencePrefix": ""
  },
  {
    "name": "Belt",
    "definition": "speedy and intense attack",
    "effectRating": 4,
    "sentencePrefix": ""
  },
  {
    "name": "Biff",
    "definition": "attack with the fist",
    "effectRating": 3,
    "sentencePrefix": ""
  },
  {
    "name": "Bite",
    "definition": "slicing into something using teeth",
    "effectRating": 5,
    "sentencePrefix": ""
  },
  {
    "name": "Blare",
    "definition": "harsh or strident noise",
    "effectRating": 2,
    "sentencePrefix": ""
  },
  {
    "name": "Blast",
    "definition": "force caused by an explosion",
    "effectRating": 8,
    "sentencePrefix": ""
  },
  {
    "name": "Blow",
    "definition": "powerful stroke with the fist or a weapon",
    "effectRating": 5,
    "sentencePrefix": ""
  },
  {
    "name": "Bolt",
    "definition": "discharge of a powerful energy source",
    "effectRating": 8,
    "sentencePrefix": ""
  },
  {
    "name": "Bomb",
    "definition": "explosive device fused to explode under specific conditions",
    "effectRating": 7,
    "sentencePrefix": ""
  },
  {
    "name": "Bombardment",
    "definition": "heavy fire of artillery to saturate an area",
    "effectRating": 6,
    "sentencePrefix": ""
  },
  {
    "name": "Bonanza",
    "definition": "chaotic onslaught",
    "effectRating": 5,
    "sentencePrefix": ""
  },
  {
    "name": "Boom",
    "definition": "deep prolonged force accompanied by a loud noise",
    "effectRating": 4,
    "sentencePrefix": ""
  },
  {
    "name": "Boot",
    "definition": "attack with the foot",
    "effectRating": 3,
    "sentencePrefix": ""
  },
  {
    "name": "Bop",
    "definition": "playful, harmless smack",
    "effectRating": 2,
    "sentencePrefix": ""
  },
  {
    "name": "Brawl",
    "definition": "noisy, physical fight",
    "effectRating": 5,
    "sentencePrefix": ""
  },
  {
    "name": "Bullet",
    "definition": "high velocity projectile",
    "effectRating": 6,
    "sentencePrefix": ""
  },
  {
    "name": "Burst",
    "definition": "breaking or splitting as a result of internal pressure",
    "effectRating": 6,
    "sentencePrefix": ""
  },
  {
    "name": "Bushwhack",
    "definition": "guerrilla warfare styled attack",
    "effectRating": 4,
    "sentencePrefix": ""
  },
  {
    "name": "Cannon",
    "definition": "large artillery weapon firing a heavy object",
    "effectRating": 8,
    "sentencePrefix": ""
  },
  {
    "name": "Charge",
    "definition": "impetuous rush toward someone or something",
    "effectRating": 6,
    "sentencePrefix": ""
  },
  {
    "name": "Chomp",
    "definition": "gripping or chewing off with the teeth and jaws",
    "effectRating": 5,
    "sentencePrefix": ""
  },
  {
    "name": "Chop",
    "definition": "aggressive slice with a swift motion",
    "effectRating": 5,
    "sentencePrefix": ""
  },
  {
    "name": "Clobber",
    "definition": "smash with great physical force",
    "effectRating": 6,
    "sentencePrefix": ""
  },
  {
    "name": "Crash",
    "definition": "violent collision",
    "effectRating": 6,
    "sentencePrefix": ""
  },
  {
    "name": "Crunch",
    "definition": "crush using teeth",
    "effectRating": 6,
    "sentencePrefix": ""
  },
  {
    "name": "Crush",
    "definition": "extreme smashing force",
    "effectRating": 7,
    "sentencePrefix": ""
  },
  {
    "name": "Curse",
    "definition": "evil spell",
    "effectRating": 7,
    "sentencePrefix": ""
  },
  {
    "name": "Cut",
    "definition": "incision with a sharp edge",
    "effectRating": 4,
    "sentencePrefix": ""
  },
  {
    "name": "Dash",
    "definition": "trampling with great haste",
    "effectRating": 3,
    "sentencePrefix": ""
  },
  {
    "name": "Drill",
    "definition": "repeated cut with a sharp point as to form a hole",
    "effectRating": 5,
    "sentencePrefix": ""
  },
  {
    "name": "Enchantment",
    "definition": "magical spell",
    "effectRating": 7,
    "sentencePrefix": ""
  },
  {
    "name": "Eruption",
    "definition": "sudden occurrence of a violent discharge of material",
    "effectRating": 7,
    "sentencePrefix": ""
  },
  {
    "name": "Explosion",
    "definition": "violent release of energy caused by a chemical or nuclear reaction",
    "effectRating": 8,
    "sentencePrefix": ""
  },
  {
    "name": "Flail",
    "definition": "useless struggle while swinging appendages",
    "effectRating": 2,
    "sentencePrefix": ""
  },
  {
    "name": "Flare",
    "definition": "sudden eruption of intense high-energy radiation",
    "effectRating": 4,
    "sentencePrefix": ""
  },
  {
    "name": "Flash",
    "definition": "sudden intense burst of radiant energy",
    "effectRating": 4,
    "sentencePrefix": ""
  },
  {
    "name": "Fling",
    "definition": "careless toss",
    "effectRating": 4,
    "sentencePrefix": ""
  },
  {
    "name": "Flow",
    "definition": "uninterrupted stream or discharge",
    "effectRating": 5,
    "sentencePrefix": ""
  },
  {
    "name": "Flush",
    "definition": "swift release of a store of affective force",
    "effectRating": 3,
    "sentencePrefix": ""
  },
  {
    "name": "Foray",
    "definition": "sudden short attack",
    "effectRating": 3,
    "sentencePrefix": ""
  },
  {
    "name": "Force",
    "definition": "wave of physical energy or intensity",
    "effectRating": 5,
    "sentencePrefix": ""
  },
  {
    "name": "Fracture",
    "definition": "break of hard tissue such as bone",
    "effectRating": 6,
    "sentencePrefix": ""
  },
  {
    "name": "Fusillade",
    "definition": "rapid, simultaneous discharge of firearms",
    "effectRating": 6,
    "sentencePrefix": ""
  },
  {
    "name": "Gash",
    "definition": "strong sweeping cut made with a sharp instrument",
    "effectRating": 6,
    "sentencePrefix": ""
  },
  {
    "name": "Gust",
    "definition": "strong current or flow",
    "effectRating": 4,
    "sentencePrefix": ""
  },
  {
    "name": "Hack",
    "definition": "cut with rough or heavy attacks",
    "effectRating": 5,
    "sentencePrefix": ""
  },
  {
    "name": "Hammer",
    "definition": "repeated heavy attacks",
    "effectRating": 6,
    "sentencePrefix": ""
  },
  {
    "name": "Heave",
    "definition": "throw of something with great effort",
    "effectRating": 4,
    "sentencePrefix": ""
  },
  {
    "name": "Hex",
    "definition": "evil spell",
    "effectRating": 8,
    "sentencePrefix": ""
  },
  {
    "name": "Hook",
    "definition": "short swinging punch delivered from the side",
    "effectRating": 5,
    "sentencePrefix": ""
  },
  {
    "name": "Hurl",
    "definition": "violent throw",
    "effectRating": 5,
    "sentencePrefix": ""
  },
  {
    "name": "Impact",
    "definition": "strike of one body against another",
    "effectRating": 5,
    "sentencePrefix": ""
  },
  {
    "name": "Jab",
    "definition": "quick short straight punch",
    "effectRating": 5,
    "sentencePrefix": ""
  },
  {
    "name": "Jinx",
    "definition": "evil spell",
    "effectRating": 6,
    "sentencePrefix": ""
  },
  {
    "name": "Jolt",
    "definition": "sudden jarring impact",
    "effectRating": 7,
    "sentencePrefix": ""
  },
  {
    "name": "Jounce",
    "definition": "sudden jarring impact",
    "effectRating": 6,
    "sentencePrefix": ""
  },
  {
    "name": "Kick",
    "definition": "attack delivered by the foot",
    "effectRating": 4,
    "sentencePrefix": ""
  },
  {
    "name": "Knock",
    "definition": "full bodied attack",
    "effectRating": 5,
    "sentencePrefix": ""
  },
  {
    "name": "Laser",
    "definition": "monochromatic beam of intense light",
    "effectRating": 8,
    "sentencePrefix": ""
  },
  {
    "name": "Lash",
    "definition": "quick attack delivered with a whip or whiplike object",
    "effectRating": 4,
    "sentencePrefix": ""
  },
  {
    "name": "Lunge",
    "definition": "sudden forward strike",
    "effectRating": 3,
    "sentencePrefix": ""
  },
  {
    "name": "Maraud",
    "definition": "sudden short attack",
    "effectRating": 6,
    "sentencePrefix": ""
  },
  {
    "name": "Onslaught",
    "definition": "rapid and continuous delivery of attacks",
    "effectRating": 7,
    "sentencePrefix": ""
  },
  {
    "name": "Outbreak",
    "definition": "sudden violent spontaneous attack",
    "effectRating": 4,
    "sentencePrefix": ""
  },
  {
    "name": "Outburst",
    "definition": "sudden violent disturbance",
    "effectRating": 5,
    "sentencePrefix": ""
  },
  {
    "name": "Pinch",
    "definition": "small sharp bite or snip",
    "effectRating": 2,
    "sentencePrefix": ""
  },
  {
    "name": "Poke",
    "definition": "sharp hand gesture resembling an attack",
    "effectRating": 2,
    "sentencePrefix": ""
  },
  {
    "name": "Pound",
    "definition": "repeated heavy attacks",
    "effectRating": 5,
    "sentencePrefix": ""
  },
  {
    "name": "Prick",
    "definition": "small puncture using a sharp point",
    "effectRating": 2,
    "sentencePrefix": ""
  },
  {
    "name": "Punch",
    "definition": "attack with the fist",
    "effectRating": 5,
    "sentencePrefix": ""
  },
  {
    "name": "Push",
    "definition": "exertion of force",
    "effectRating": 4,
    "sentencePrefix": ""
  },
  {
    "name": "Rage",
    "definition": "fit fueled by intense anger",
    "effectRating": 6,
    "sentencePrefix": ""
  },
  {
    "name": "Raid",
    "definition": "sudden short attack",
    "effectRating": 6,
    "sentencePrefix": ""
  },
  {
    "name": "Ram",
    "definition": "impactful force",
    "effectRating": 5,
    "sentencePrefix": ""
  },
  {
    "name": "Ray",
    "definition": "column of light or beam",
    "effectRating": 7,
    "sentencePrefix": ""
  },
  {
    "name": "Rush",
    "definition": "sudden forceful flow",
    "effectRating": 6,
    "sentencePrefix": ""
  },
  {
    "name": "Scrape",
    "definition": "scratch or carving into a surface",
    "effectRating": 3,
    "sentencePrefix": ""
  },
  {
    "name": "Scratch",
    "definition": "scrape or carving into a surface",
    "effectRating": 3,
    "sentencePrefix": ""
  },
  {
    "name": "Shock",
    "definition": "sudden jarring impact",
    "effectRating": 8,
    "sentencePrefix": ""
  },
  {
    "name": "Shot",
    "definition": "attack hard enough to cause injury",
    "effectRating": 6,
    "sentencePrefix": ""
  },
  {
    "name": "Shove",
    "definition": "forceful push",
    "effectRating": 4,
    "sentencePrefix": ""
  },
  {
    "name": "Slam",
    "definition": "forceful impact that makes a loud noise",
    "effectRating": 5,
    "sentencePrefix": ""
  },
  {
    "name": "Slap",
    "definition": "attack delivered with an open hand",
    "effectRating": 4,
    "sentencePrefix": ""
  },
  {
    "name": "Slash",
    "definition": "strong sweeping cut made with a sharp instrument",
    "effectRating": 5,
    "sentencePrefix": ""
  },
  {
    "name": "Slice",
    "definition": "slash with a sharp object",
    "effectRating": 5,
    "sentencePrefix": ""
  },
  {
    "name": "Smack",
    "definition": "strike resulting in a loud noise",
    "effectRating": 4,
    "sentencePrefix": ""
  },
  {
    "name": "Smash",
    "definition": "attack with a lot of force",
    "effectRating": 5,
    "sentencePrefix": ""
  },
  {
    "name": "Spell",
    "definition": "magical force",
    "effectRating": 6,
    "sentencePrefix": ""
  },
  {
    "name": "Squash",
    "definition": "forceful crush or squeeze",
    "effectRating": 4,
    "sentencePrefix": ""
  },
  {
    "name": "Squeeze",
    "definition": "tight or amorous embrace",
    "effectRating": 3,
    "sentencePrefix": ""
  },
  {
    "name": "Stab",
    "definition": "strong attack with the tip of a sharp pointed instrument",
    "effectRating": 6,
    "sentencePrefix": ""
  },
  {
    "name": "Stomp",
    "definition": "powerful stamping step",
    "effectRating": 4,
    "sentencePrefix": ""
  },
  {
    "name": "Storm",
    "definition": "violent commotion or disturbance",
    "effectRating": 8,
    "sentencePrefix": ""
  },
  {
    "name": "Strike",
    "definition": "gentle attack",
    "effectRating": 6,
    "sentencePrefix": ""
  },
  {
    "name": "Swipe",
    "definition": "sweeping stroke of an attack",
    "effectRating": 4,
    "sentencePrefix": ""
  },
  {
    "name": "Tackle",
    "definition": "knock down",
    "effectRating": 4,
    "sentencePrefix": ""
  },
  {
    "name": "Tap",
    "definition": "light touch or stroke",
    "effectRating": 2,
    "sentencePrefix": ""
  },
  {
    "name": "Tear",
    "definition": "forceful pull in opposite directions",
    "effectRating": 5,
    "sentencePrefix": ""
  },
  {
    "name": "Thrash",
    "definition": "repeated, hard hit",
    "effectRating": 6,
    "sentencePrefix": ""
  },
  {
    "name": "Throw",
    "definition": "application of force to propel something",
    "effectRating": 4,
    "sentencePrefix": ""
  },
  {
    "name": "Thrust",
    "definition": "application of force to propel something",
    "effectRating": 4,
    "sentencePrefix": ""
  },
  {
    "name": "Thump",
    "definition": "heavy attack with the hand",
    "effectRating": 3,
    "sentencePrefix": ""
  },
  {
    "name": "Thwack",
    "definition": "hard attack with a flat object",
    "effectRating": 4,
    "sentencePrefix": ""
  },
  {
    "name": "Tornado",
    "definition": "violently destructive swirl",
    "effectRating": 8,
    "sentencePrefix": ""
  },
  {
    "name": "Toss",
    "definition": "application of force to propel something",
    "effectRating": 4,
    "sentencePrefix": ""
  },
  {
    "name": "Trample",
    "definition": "continual stomping",
    "effectRating": 4,
    "sentencePrefix": ""
  },
  {
    "name": "Trance",
    "definition": "magical incantation inducing undesirable psychological state",
    "effectRating": 7,
    "sentencePrefix": ""
  },
  {
    "name": "Trap",
    "definition": "magical force preventing movement",
    "effectRating": 6,
    "sentencePrefix": ""
  },
  {
    "name": "Undercut",
    "definition": "attack from beneath",
    "effectRating": 5,
    "sentencePrefix": ""
  },
  {
    "name": "Vortex",
    "definition": "powerful, circular current",
    "effectRating": 8,
    "sentencePrefix": ""
  },
  {
    "name": "Wallop",
    "definition": "severe attack",
    "effectRating": 5,
    "sentencePrefix": ""
  },
  {
    "name": "Waves",
    "definition": "rapid disturbance of a substance's particles",
    "effectRating": 8,
    "sentencePrefix": ""
  },
  {
    "name": "Whack",
    "definition": "vigorous smack",
    "effectRating": 5,
    "sentencePrefix": ""
  },
  {
    "name": "Whip",
    "definition": "quick attack delivered with a whip or whiplike object",
    "effectRating": 5,
    "sentencePrefix": ""
  },
  {
    "name": "Wrath",
    "definition": "vengeful attacking force",
    "effectRating": 7,
    "sentencePrefix": ""
  },
  {
    "name": "Zap",
    "definition": "sudden bolt of energy",
    "effectRating": 8,
    "sentencePrefix": ""
  }
]