[
  {
    "name": "Bioflim",
    "id": "00004",
    "type": "Chemical",
    "planet": "Drainov",
    "height": "",
    "weight": "",
    "description": "An acid slime organism protected by a thick rocky exoskeleton. Its slime can continually regenerate an outer shell, allowing for great defense.",
    "statRatings": {
      "healthRating": "",
      "standardAttackRating": "",
      "specialAttackRating": "",
      "standardDefenseRating": "high",
      "specialDefenseRating": "",
      "speedRating": "low",
      "evasionRating": "",
      "staminaRating": "",
      "recoveryRating": ""
    }
  },
  {
    "name": "Dromeus",
    "id": "00002",
    "type": "Fire",
    "planet": "Magmuth",
    "height": "",
    "weight": "",
    "description": "A partially feathered ground bird with lizard features, somewhat resembling a velociraptor. These creatures are extremely quick with razor sharp teeth, and prefer to hunt in packs.",
    "statRatings": {
      "healthRating": "",
      "standardAttackRating": "high",
      "specialAttackRating": "",
      "standardDefenseRating": "",
      "specialDefenseRating": "",
      "speedRating": "high",
      "evasionRating": "",
      "staminaRating": "",
      "recoveryRating": ""
    }
  },
  {
    "name": "Tetrahive",
    "id": "00003",
    "type": "Dark",
    "planet": "Grimedes",
    "height": "30 in / 76 cm",
    "weight": "27 lbs / 12 kg",
    "description": "When in battle, this creature summons a swarm of small flying familiars with teeth like piranhas. It controls the swarm with its mind, attacking or defending as one unit.",
    "statRatings": {
      "healthRating": "",
      "standardAttackRating": "medium",
      "specialAttackRating": "",
      "standardDefenseRating": "",
      "specialDefenseRating": "",
      "speedRating": "",
      "evasionRating": "high",
      "staminaRating": "",
      "recoveryRating": ""
    }
  },
  {
    "name": "Xylum",
    "id": "00001",
    "type": "Botanical",
    "planet": "Floria",
    "height": "178 in / 452 cm",
    "weight": "743 lbs / 337 kg",
    "description": "A giant organism of thick, intertwined roots that act as tentacles. It lives mostly underground as this is where it absorbs its power.",
    "statRatings": {
      "healthRating": "",
      "standardAttackRating": "",
      "specialAttackRating": "",
      "standardDefenseRating": "",
      "specialDefenseRating": "medium",
      "speedRating": "",
      "evasionRating": "",
      "staminaRating": "",
      "recoveryRating": "high"
    }
  },
  {
    "name": "Smokat",
    "id": "00005",
    "type": "Spectral",
    "planet": "Phantiri",
    "height": "59 in / 150 cm",
    "weight": "66 lbs / 30 kg",
    "description": "Feline shaped in normal form, this clever creature can instantly atomize into a cloud of smoke for a sneak attack or quick evasion.",
    "statRatings": {
      "healthRating": "",
      "standardAttackRating": "high",
      "specialAttackRating": "",
      "standardDefenseRating": "",
      "specialDefenseRating": "",
      "speedRating": "",
      "evasionRating": "high",
      "staminaRating": "",
      "recoveryRating": ""
    }
  },
  {
    "name": "Newtapede",
    "id": "00006",
    "type": "Water",
    "planet": "Poseidas",
    "height": "91 in / 231 cm",
    "weight": "238 lbs / 108 kg",
    "description": "A 16 legged amphibious creature with a long, segmented body. While adapted to land, its slender frame and webbed feet make it a formidable opponent in water.",
    "statRatings": {
      "healthRating": "",
      "standardAttackRating": "",
      "specialAttackRating": "",
      "standardDefenseRating": "",
      "specialDefenseRating": "low",
      "speedRating": "",
      "evasionRating": "",
      "staminaRating": "",
      "recoveryRating": "high"
    }
  },
  {
    "name": "Voltish",
    "id": "00007",
    "type": "Electrical",
    "planet": "Zolton",
    "height": "85 in / 216 cm",
    "weight": "271 lbs / 123 kg",
    "description": "With bones and claws made from a tough, conductive metal alloy, this daunting creature can store electrical energy from its surroundings and release the shock into enemies.",
    "statRatings": {
      "healthRating": "",
      "standardAttackRating": "",
      "specialAttackRating": "high",
      "standardDefenseRating": "",
      "specialDefenseRating": "",
      "speedRating": "",
      "evasionRating": "",
      "staminaRating": "high",
      "recoveryRating": ""
    }
  },
  {
    "name": "Hypnox",
    "id": "00008",
    "type": "Psychic",
    "planet": "Telypso",
    "height": "35 in / 89 cm",
    "weight": "44 lbs / 20 kg",
    "description": "It uses its tail to draw attention to its big, hypnotic eyes. Once eye contact is made, this creature can attack from within your mind.",
    "statRatings": {
      "healthRating": "",
      "standardAttackRating": "",
      "specialAttackRating": "high",
      "standardDefenseRating": "",
      "specialDefenseRating": "",
      "speedRating": "high",
      "evasionRating": "",
      "staminaRating": "",
      "recoveryRating": ""
    }
  },
  {
    "name": "Crystorn",
    "id": "00009",
    "type": "Light",
    "planet": "Luminax",
    "height": "70 in / 178 cm",
    "weight": "340 lbs / 154 kg",
    "description": "The gems growing out of this creature's head transmit powerful light energy, don't be deceived by its calm temperment.",
    "statRatings": {
      "healthRating": "",
      "standardAttackRating": "",
      "specialAttackRating": "high",
      "standardDefenseRating": "",
      "specialDefenseRating": "",
      "speedRating": "high",
      "evasionRating": "",
      "staminaRating": "",
      "recoveryRating": ""
    }
  },
  {
    "name": "Luceras",
    "id": "00010",
    "type": "Air",
    "planet": "Saiphus",
    "height": "22 in / 56 cm",
    "weight": "29 lbs / 13 kg",
    "description": "This creature can jump so high that at times it seems as if it is flying. Once up in the air, it comes missiling down on its enemy like a battering ram.",
    "statRatings": {
      "healthRating": "",
      "standardAttackRating": "medium",
      "specialAttackRating": "",
      "standardDefenseRating": "",
      "specialDefenseRating": "",
      "speedRating": "",
      "evasionRating": "high",
      "staminaRating": "",
      "recoveryRating": ""
    }
  },
  {
    "name": "Codazzo",
    "id": "00011",
    "type": "Explosive",
    "planet": "Nitros",
    "height": "18 in / 46 cm",
    "weight": "36 lbs / 16 kg",
    "description": "This creature digs its body underground when spooked, exposing only its tail made of explosive barbs. If provoked, it won't hesitate to fire off a few projectiles, as its regenerative power can quickly grow more.",
    "statRatings": {
      "healthRating": "",
      "standardAttackRating": "",
      "specialAttackRating": "high",
      "standardDefenseRating": "",
      "specialDefenseRating": "",
      "speedRating": "",
      "evasionRating": "",
      "staminaRating": "",
      "recoveryRating": "high"
    }
  },
  {
    "name": "X1",
    "id": "00012",
    "type": "Psychic",
    "planet": "Telypso",
    "height": "52 in / 132 cm",
    "weight": "44 lbs / 20 kg",
    "description": "Little is known about this mysterious creature. Few sightings have been reported.",
    "statRatings": {
      "healthRating": "",
      "standardAttackRating": "",
      "specialAttackRating": "high",
      "standardDefenseRating": "",
      "specialDefenseRating": "",
      "speedRating": "high",
      "evasionRating": "",
      "staminaRating": "",
      "recoveryRating": ""
    }
  },
  {
    "name": "Foromeer",
    "id": "00013",
    "type": "Geological",
    "planet": "Telypso",
    "height": "52 in / 132 cm",
    "weight": "44 lbs / 20 kg",
    "description": "This creature has a metallic exoskeleton on its limbs, with long drill-like horns for arms. Thought to once be used for mineral excavation, its powerful horns can break through the strongest of material.",
    "statRatings": {
      "healthRating": "",
      "standardAttackRating": "medium",
      "specialAttackRating": "",
      "standardDefenseRating": "",
      "specialDefenseRating": "",
      "speedRating": "",
      "evasionRating": "",
      "staminaRating": "",
      "recoveryRating": "high"
    }
  },
  {
    "name": "Venemist",
    "id": "00014",
    "type": "Chemical",
    "planet": "Drainov",
    "height": "38 in / 96 cm",
    "weight": "103 lbs / 46 kg",
    "description": "The toxic mist expelled from a tube in its mouth helps to dissolve its prey. With only 2 teeth, this tactic is necessary for the creature to survive.",
    "statRatings": {
      "healthRating": "",
      "standardAttackRating": "",
      "specialAttackRating": "medium",
      "standardDefenseRating": "",
      "specialDefenseRating": "",
      "speedRating": "",
      "evasionRating": "",
      "staminaRating": "high",
      "recoveryRating": ""
    }
  },
  {
    "name": "Kosanos",
    "id": "00015",
    "type": "Botanical",
    "planet": "Floria",
    "height": "77 in / 195 cm",
    "weight": "420 lbs / 190 kg",
    "description": "With a large blade at the end of its trunk, this simple yet powerful creature is thought to have been designed to clear the thick brush of Floria.",
    "statRatings": {
      "healthRating": "",
      "standardAttackRating": "",
      "specialAttackRating": "low",
      "standardDefenseRating": "",
      "specialDefenseRating": "",
      "speedRating": "low",
      "evasionRating": "",
      "staminaRating": "",
      "recoveryRating": ""
    }
  }
]