[
  {
    "name": "Bioflim",
    "id": "000004",
    "type": "Chemical",
    "description": "An acid slime organism protected by a thick rocky exoskeleton. It's slime can continually regenerate an outer shell, allowing for great defense.",
    "statRatings": {
      "healthRating": "",
      "standardAttackRating": "",
      "specialAttackRating": "",
      "standardDefenseRating": "high",
      "specialDefenseRating": "high",
      "speedRating": "low",
      "evasionRating": "",
      "staminaRating": "",
      "recoveryRating": ""
    }
  },
  {
    "name": "Dromeus",
    "id": "000002",
    "type": "Fire",
    "description": "A partially feathered ground bird with lizard features, somewhat resembling a velociraptor. These creatures are extremely quick with razor sharp teeth, and prefer to hunt in packs.",
    "statRatings": {
      "healthRating": "",
      "standardAttackRating": "high",
      "specialAttackRating": "medium",
      "standardDefenseRating": "",
      "specialDefenseRating": "",
      "speedRating": "high",
      "evasionRating": "",
      "staminaRating": "",
      "recoveryRating": ""
    }
  },
  {
    "name": "Tetrahive",
    "id": "000003",
    "type": "Dark",
    "description": "A flying swarm of small creatures with teeth like piranhas, synchronously controlled by the single mind of the 'Queen' of the hive who flies among them.",
    "statRatings": {
      "healthRating": "",
      "standardAttackRating": "high",
      "specialAttackRating": "medium",
      "standardDefenseRating": "",
      "specialDefenseRating": "",
      "speedRating": "",
      "evasionRating": "high",
      "staminaRating": "",
      "recoveryRating": ""
    }
  },
  {
    "name": "Xylum",
    "id": "000001",
    "type": "Botanical",
    "description": "A giant organism of thick, intertwined roots with thorny, tentacle-like arms. It lives mostly underground as this is where it absorbs it's power.",
    "statRatings": {
      "healthRating": "",
      "standardAttackRating": "",
      "specialAttackRating": "",
      "standardDefenseRating": "medium",
      "specialDefenseRating": "medium",
      "speedRating": "",
      "evasionRating": "",
      "staminaRating": "",
      "recoveryRating": "high"
    }
  },
  {
    "name": "Smokat",
    "id": "000005",
    "type": "Spectral",
    "description": "Feline shaped in normal form, this clever creature can instantly atomize into a cloud of smoke for a sneak attack or quick evasion.",
    "statRatings": {
      "healthRating": "",
      "standardAttackRating": "high",
      "specialAttackRating": "",
      "standardDefenseRating": "",
      "specialDefenseRating": "",
      "speedRating": "high",
      "evasionRating": "high",
      "staminaRating": "",
      "recoveryRating": ""
    }
  }
]