[
  {
    "name": "Bioflim",
    "origin": null,
    "type": "Chemical",
    "description": "Acid slime organism protected by thick rocky exoskeleton; a regenerative outer shell allows for high defense",
    "statRatings": {
      "healthRating": "",
      "standardAttackRating": "",
      "specialAttackRating": "",
      "standardDefenseRating": "high",
      "specialDefenseRating": "high",
      "speedRating": "low",
      "evasionRating": "low",
      "staminaRating": "",
      "recoveryRating": ""
    }
  },
  {
    "name": "Dromeus",
    "origin": null,
    "type": "Fire",
    "description": "Partially feathered, velociraptor-like clawed ground bird; they are extremely quick with razor sharp teeth and talons",
    "statRatings": {
      "healthRating": "",
      "standardAttackRating": "high",
      "specialAttackRating": "medium",
      "standardDefenseRating": "",
      "specialDefenseRating": "",
      "speedRating": "high",
      "evasionRating": "medium",
      "staminaRating": "",
      "recoveryRating": ""
    }
  },
  {
    "name": "Tetrahive",
    "origin": null,
    "type": "Dark",
    "description": "Swarm of tiny, bat-like flying organisms with teeth like a piranha; the hive is controlled by the mind of the 'Queen Bee' as one cohesive unit",
    "statRatings": {
      "healthRating": "",
      "standardAttackRating": "high",
      "specialAttackRating": "medium",
      "standardDefenseRating": "",
      "specialDefenseRating": "",
      "speedRating": "medium",
      "evasionRating": "high",
      "staminaRating": "",
      "recoveryRating": ""
    }
  },
  {
    "name": "Xylum",
    "origin": null,
    "type": "Botanical",
    "description": "Giant root-based organism with thorned, tentacle-like arms; lives mostly underground",
    "statRatings": {
      "healthRating": "",
      "standardAttackRating": "",
      "specialAttackRating": "",
      "standardDefenseRating": "medium",
      "specialDefenseRating": "medium",
      "speedRating": "low",
      "evasionRating": "",
      "staminaRating": "",
      "recoveryRating": "high"
    }
  }
]