[
  {
    "word": "Absurd",
    "definitions": [
      "so unreasonable as to invite derision",
      "inconsistent with reason or logic or common sense"
    ]
  },
  {
    "word": "Acute",
    "definitions": [
      "extremely sharp or severe",
      "having or demonstrating ability to recognize or draw fine distinctions",
      "ending in a sharp point",
      "having or experiencing a rapid onset and short but severe course",
      "of critical importance and consequence"
    ]
  },
  {
    "word": "Advanced",
    "definitions": [
      "far along in time",
      "ahead in development; complex or intricate",
      "ahead of the times",
      "situated ahead or going before",
      "at a higher level in training or knowledge or skill",
      "comparatively late in a course of development",
      "farther along in physical or mental development",
      "(of societies) highly developed especially in technology or industry"
    ]
  },
  {
    "word": "Agile",
    "definitions": [
      "mentally quick",
      "moving quickly and lightly"
    ]
  },
  {
    "word": "Angry",
    "definitions": [
      "(of the elements) as if showing violent anger",
      "feeling or showing anger",
      "severely inflamed and painful"
    ]
  },
  {
    "word": "Annihilative",
    "definitions": [
      "wreaking or capable of wreaking complete destruction"
    ]
  },
  {
    "word": "Arduous",
    "definitions": [
      "taxing to the utmost; testing powers of endurance",
      "characterized by effort to the point of exhaustion; especially physical effort",
      "difficult to accomplish; demanding considerable mental effort and skill"
    ]
  },
  {
    "word": "Arrant",
    "definitions": [
      "without qualification; used informally as (often pejorative) intensifiers"
    ]
  },
  {
    "word": "Austere",
    "definitions": [
      "of a stern or strict bearing or demeanor; forbidding in aspect",
      "severely simple",
      "practicing great self-denial"
    ]
  },
  {
    "word": "Backbreaking",
    "definitions": [
      "characterized by effort to the point of exhaustion; especially physical effort"
    ]
  },
  {
    "word": "Balmy",
    "definitions": [
      "mild and pleasant",
      "informal or slang terms for mentally irregular"
    ]
  },
  {
    "word": "Baneful",
    "definitions": [
      "deadly or sinister",
      "exceedingly harmful"
    ]
  },
  {
    "word": "Barbaric",
    "definitions": [
      "without civilizing influences",
      "unrestrained and crudely rich"
    ]
  },
  {
    "word": "Barbarous",
    "definitions": [
      "(of persons or their actions) able or disposed to inflict pain or suffering",
      "primitive in customs and culture"
    ]
  },
  {
    "word": "Beastly",
    "definitions": [
      "(informal) very unpleasant",
      "resembling a beast; showing lack of human sensibility"
    ]
  },
  {
    "word": "Bestial",
    "definitions": [
      "resembling a beast; showing lack of human sensibility"
    ]
  },
  {
    "word": "Big",
    "definitions": [
      "given or giving freely",
      "very intense",
      "prodigious",
      "(of animals) fully developed",
      "in an advanced stage of pregnancy",
      "conspicuous in position or importance",
      "generous and understanding and tolerant",
      "feeling self-importance",
      "exhibiting self-importance",
      "above average in size or number or quantity or magnitude or extent",
      "loud and firm",
      "marked by intense physical force",
      "significant"
    ]
  },
  {
    "word": "Bivalent",
    "definitions": [
      "used of homologous chromosomes associated in pairs in synapsis",
      "having a valence of two or having two valences"
    ]
  },
  {
    "word": "Boisterous",
    "definitions": [
      "violently agitated and turbulent",
      "full of rough and exuberant animal spirits",
      "noisy and lacking in restraint or discipline"
    ]
  },
  {
    "word": "Boldface",
    "definitions": []
  },
  {
    "word": "Bothersome",
    "definitions": [
      "causing irritation or annoyance"
    ]
  },
  {
    "word": "Bowelless",
    "definitions": [
      "ruthless in competition"
    ]
  },
  {
    "word": "Brawny",
    "definitions": [
      "(of a person) possessing physical strength and weight; rugged and powerful"
    ]
  },
  {
    "word": "Brutal",
    "definitions": [
      "(of persons or their actions) able or disposed to inflict pain or suffering",
      "punishingly harsh",
      "resembling a beast; showing lack of human sensibility",
      "disagreeably direct and precise"
    ]
  },
  {
    "word": "Brute",
    "definitions": [
      "resembling a beast; showing lack of human sensibility"
    ]
  },
  {
    "word": "Brutish",
    "definitions": [
      "resembling a beast; showing lack of human sensibility"
    ]
  },
  {
    "word": "Calamitous",
    "definitions": [
      "(of events) having extremely unfortunate or dire consequences; bringing ruin"
    ]
  },
  {
    "word": "Canny",
    "definitions": [
      "showing self-interest and shrewdness in dealing with others"
    ]
  },
  {
    "word": "Cloggy",
    "definitions": [
      "(used of soil) compact and fine-grained"
    ]
  },
  {
    "word": "Cockeyed",
    "definitions": [
      "very drunk",
      "so unreasonable as to invite derision",
      "turned or twisted toward one side"
    ]
  },
  {
    "word": "Complete",
    "definitions": [
      "without qualification; used informally as (often pejorative) intensifiers",
      "perfect and complete in every respect; having all necessary qualities",
      "having come or been brought to a conclusion",
      "highly skilled",
      "having every necessary or normal part or component or step"
    ]
  },
  {
    "word": "Complicated",
    "definitions": [
      "difficult to analyze or understand"
    ]
  },
  {
    "word": "Condemnable",
    "definitions": [
      "bringing or deserving severe rebuke or censure"
    ]
  },
  {
    "word": "Contiguous",
    "definitions": [
      "having a common boundary or edge; abutting; touching",
      "very close or connected in space or time",
      "connecting without a break; within a common boundary"
    ]
  },
  {
    "word": "Crafty",
    "definitions": [
      "marked by skill in deception"
    ]
  },
  {
    "word": "Cruel",
    "definitions": [
      "(of persons or their actions) able or disposed to inflict pain or suffering"
    ]
  },
  {
    "word": "Crushing",
    "definitions": [
      "physically or spiritually devastating; often used in combination"
    ]
  },
  {
    "word": "Cunning",
    "definitions": [
      "showing inventiveness and skill",
      "marked by skill in deception",
      "attractive especially by means of smallness or prettiness or quaintness"
    ]
  },
  {
    "word": "Cutthroat",
    "definitions": [
      "ruthless in competition"
    ]
  },
  {
    "word": "Dangerous",
    "definitions": [
      "involving or causing danger or risk; liable to hurt or harm",
      "causing fear or anxiety by threatening great harm"
    ]
  },
  {
    "word": "Debile",
    "definitions": [
      "lacking bodily or muscular strength or vitality"
    ]
  },
  {
    "word": "Decrepit",
    "definitions": [
      "lacking bodily or muscular strength or vitality",
      "worn and broken down by hard use"
    ]
  },
  {
    "word": "Delirious",
    "definitions": [
      "marked by uncontrolled excitement or emotion",
      "experiencing delirium"
    ]
  },
  {
    "word": "Deluxe",
    "definitions": [
      "elegant and sumptuous",
      "ostentatiously rich and superior in quality"
    ]
  },
  {
    "word": "Dense",
    "definitions": [
      "hard to pass through because of dense growth",
      "slow to learn or understand; lacking intellectual acuity",
      "permitting little if any light to pass through because of denseness of matter",
      "having high relative density or specific gravity"
    ]
  },
  {
    "word": "Deplorable",
    "definitions": [
      "of very poor quality or condition",
      "bad; unfortunate",
      "bringing or deserving severe rebuke or censure"
    ]
  },
  {
    "word": "Derisory",
    "definitions": [
      "so unreasonable as to invite derision"
    ]
  },
  {
    "word": "Desperate",
    "definitions": [
      "fraught with extreme danger; nearly hopeless",
      "arising from or marked by despair or loss of hope",
      "desperately determined",
      "showing extreme courage; especially of actions courageously undertaken in desperation as a last resort",
      "(of persons) dangerously reckless or violent as from urgency or despair",
      "showing extreme urgency or intensity especially because of great need or desire"
    ]
  },
  {
    "word": "Deucedly",
    "definitions": []
  },
  {
    "word": "Devilishly",
    "definitions": []
  },
  {
    "word": "Dingy",
    "definitions": [
      "causing dejection",
      "thickly covered with ingrained dirt or soot",
      "(of color) discolored by impurities; not bright and clear"
    ]
  },
  {
    "word": "Disabling",
    "definitions": [
      "depriving of legal right; rendering legally disqualified",
      "that cripples or disables or incapacitates"
    ]
  },
  {
    "word": "Disastrous",
    "definitions": [
      "(of events) having extremely unfortunate or dire consequences; bringing ruin"
    ]
  },
  {
    "word": "Disconsolate",
    "definitions": [
      "causing dejection",
      "sad beyond comforting; incapable of being consoled"
    ]
  },
  {
    "word": "Dismal",
    "definitions": [
      "causing dejection"
    ]
  },
  {
    "word": "Dispirited",
    "definitions": [
      "marked by low spirits; showing no enthusiasm",
      "filled with melancholy and despondency"
    ]
  },
  {
    "word": "Distinguished",
    "definitions": [
      "used of a person's appearance or behavior; befitting an eminent person",
      "(used of persons) standing above others in character or attainment or reputation"
    ]
  },
  {
    "word": "Dodgy",
    "definitions": [
      "of uncertain outcome; especially fraught with risk",
      "marked by skill in deception"
    ]
  },
  {
    "word": "Doubly",
    "definitions": []
  },
  {
    "word": "Dour",
    "definitions": [
      "harshly uninviting or formidable in manner or appearance",
      "stubbornly unyielding",
      "showing a brooding ill humor"
    ]
  },
  {
    "word": "Down",
    "definitions": [
      "understood perfectly",
      "extending or moving from a higher to a lower place",
      "lower than previously",
      "filled with melancholy and despondency",
      "becoming progressively lower",
      "being or moving lower in position or less in some value",
      "being put out by a strikeout",
      "not functioning (temporarily or permanently)",
      "shut"
    ]
  },
  {
    "word": "Downcast",
    "definitions": [
      "filled with melancholy and despondency",
      "directed downward"
    ]
  },
  {
    "word": "Downhearted",
    "definitions": [
      "filled with melancholy and despondency"
    ]
  },
  {
    "word": "Drab",
    "definitions": [
      "lacking brightness or color; dull",
      "causing dejection",
      "of a light brownish green color",
      "lacking in liveliness or charm or surprise"
    ]
  },
  {
    "word": "Dreary",
    "definitions": [
      "causing dejection",
      "lacking in liveliness or charm or surprise"
    ]
  },
  {
    "word": "Dual",
    "definitions": [
      "consisting of or involving two parts or components usually in pairs",
      "having more than one decidedly dissimilar aspects or qualities",
      "a grammatical number category referring to two items or units as opposed to one item (singular) or more than two items (plural)"
    ]
  },
  {
    "word": "Elevated",
    "definitions": [
      "of high moral or intellectual value; elevated in nature or style",
      "increased in amount or degree",
      "raised above the ground"
    ]
  },
  {
    "word": "Enraged",
    "definitions": [
      "marked by extreme anger"
    ]
  },
  {
    "word": "Epic",
    "definitions": [
      "constituting or having to do with or suggestive of a literary epic",
      "very imposing or impressive; surpassing the ordinary (especially in size or scale)"
    ]
  },
  {
    "word": "Ethereal",
    "definitions": [
      "characterized by unusual lightness and delicacy",
      "of heaven or the spirit",
      "characterized by lightness and insubstantiality; as impalpable or intangible as air",
      "of or containing or dissolved in ether"
    ]
  },
  {
    "word": "Everlasting",
    "definitions": [
      "without qualification; used informally as (often pejorative) intensifiers",
      "continuing forever or indefinitely"
    ]
  },
  {
    "word": "Evil",
    "definitions": [
      "having the nature of vice",
      "having or exerting a malignant influence",
      "morally bad or wrong"
    ]
  },
  {
    "word": "Exalted",
    "definitions": [
      "of high moral or intellectual value; elevated in nature or style"
    ]
  },
  {
    "word": "Excited",
    "definitions": [
      "(of persons) excessively affected by emotion",
      "marked by uncontrolled excitement or emotion",
      "(of e.g. a molecule) made reactive or more reactive",
      "in an aroused state"
    ]
  },
  {
    "word": "Expansive",
    "definitions": [
      "of behavior that is impressive and ambitious in scale or scope",
      "friendly and open and willing to talk",
      "able or tending to expand or characterized by expansion",
      "marked by exaggerated feelings of euphoria and delusions of grandeur"
    ]
  },
  {
    "word": "Expectant",
    "definitions": [
      "in an advanced stage of pregnancy",
      "marked by eager anticipation"
    ]
  },
  {
    "word": "Extremum",
    "definitions": []
  },
  {
    "word": "Faint",
    "definitions": [
      "weak and likely to lose consciousness",
      "deficient in magnitude; barely perceptible; lacking clarity or brightness or loudness etc",
      "lacking conviction or boldness or courage",
      "lacking strength or vigor",
      "lacking clarity or distinctness",
      "indistinctly understood or felt or perceived"
    ]
  },
  {
    "word": "Fallible",
    "definitions": [
      "wanting in moral strength, courage, or will; having the attributes of man as opposed to e.g. divine beings",
      "likely to fail or make errors"
    ]
  },
  {
    "word": "Fantastic",
    "definitions": [
      "ludicrously odd",
      "fanciful and unrealistic; foolish",
      "existing in fancy only",
      "extraordinarily good or great; used especially as intensifiers",
      "extravagantly fanciful in design, construction, appearance"
    ]
  },
  {
    "word": "Farcical",
    "definitions": [
      "broadly or extravagantly humorous; resembling farce"
    ]
  },
  {
    "word": "Fast",
    "definitions": [
      "unwavering in devotion to friend or vow or cause",
      "securely fixed in place",
      "hurried and brief",
      "unrestrained by convention or morality",
      "acting or moving or capable of acting or moving quickly",
      "at a rapid tempo",
      "(of a photographic lens or emulsion) causing a shortening of exposure time",
      "(of surfaces) conducive to rapid speeds",
      "resistant to destruction or fading"
    ]
  },
  {
    "word": "Fateful",
    "definitions": [
      "ominously prophetic",
      "(of events) having extremely unfortunate or dire consequences; bringing ruin",
      "controlled or decreed by fate; predetermined",
      "having momentous consequences; of decisive importance"
    ]
  },
  {
    "word": "Feeble",
    "definitions": [
      "lacking strength or vigor",
      "pathetically lacking in force or effectiveness",
      "lacking bodily or muscular strength or vitality",
      "lacking strength"
    ]
  },
  {
    "word": "Fell",
    "definitions": [
      "(of persons or their actions) able or disposed to inflict pain or suffering"
    ]
  },
  {
    "word": "Feral",
    "definitions": [
      "wild and menacing"
    ]
  },
  {
    "word": "Ferine",
    "definitions": [
      "wild and menacing"
    ]
  },
  {
    "word": "Ferocious",
    "definitions": [
      "marked by extreme and violent energy"
    ]
  },
  {
    "word": "Fierce",
    "definitions": [
      "ruthless in competition",
      "violently agitated and turbulent",
      "marked by extreme and violent energy",
      "marked by extreme intensity of emotions or convictions; inclined to react violently; fervid"
    ]
  },
  {
    "word": "Firm",
    "definitions": [
      "not liable to fluctuate or especially to fall",
      "unwavering in devotion to friend or vow or cause",
      "marked by firm determination or resolution; not shakable",
      "securely fixed in place",
      "strong and sure",
      "not soft or yielding to pressure",
      "not subject to revision or change",
      "(of especially a person's physical features) not shaking or trembling",
      "possessing the tone and resiliency of healthy tissue",
      "securely established"
    ]
  },
  {
    "word": "Fleet",
    "definitions": [
      "moving very fast"
    ]
  },
  {
    "word": "Forbidding",
    "definitions": [
      "harshly uninviting or formidable in manner or appearance",
      "threatening or foreshadowing evil or tragic developments"
    ]
  },
  {
    "word": "Foxy",
    "definitions": [
      "marked by skill in deception"
    ]
  },
  {
    "word": "Frail",
    "definitions": [
      "easily broken or damaged or destroyed",
      "wanting in moral strength, courage, or will; having the attributes of man as opposed to e.g. divine beings",
      "physically weak"
    ]
  },
  {
    "word": "Frenetic",
    "definitions": [
      "excessively agitated; distraught with fear or other violent emotion"
    ]
  },
  {
    "word": "Frenzied",
    "definitions": [
      "excessively agitated; distraught with fear or other violent emotion",
      "affected with or marked by frenzy or mania uncontrolled by reason"
    ]
  },
  {
    "word": "Furious",
    "definitions": [
      "marked by extreme and violent energy",
      "marked by extreme anger",
      "(of the elements) as if showing violent anger"
    ]
  },
  {
    "word": "Furtive",
    "definitions": [
      "secret and sly or sordid",
      "marked by quiet and caution and secrecy; taking pains to avoid being observed"
    ]
  },
  {
    "word": "Galling",
    "definitions": [
      "causing irritation or annoyance"
    ]
  },
  {
    "word": "Ghastly",
    "definitions": [
      "gruesomely indicative of death or the dead",
      "shockingly repellent; inspiring horror"
    ]
  },
  {
    "word": "Gilded",
    "definitions": [
      "based on pretense; deceptively pleasing",
      "having the deep slightly brownish color of gold",
      "made from or covered with gold",
      "ostentatiously rich and superior in quality"
    ]
  },
  {
    "word": "Gloomy",
    "definitions": [
      "depressingly dark",
      "causing dejection",
      "filled with melancholy and despondency"
    ]
  },
  {
    "word": "Grand",
    "definitions": [
      "of behavior that is impressive and ambitious in scale or scope",
      "used of a person's appearance or behavior; befitting an eminent person",
      "of or befitting a lord",
      "of high moral or intellectual value; elevated in nature or style",
      "ostentatiously rich and superior in quality",
      "extraordinarily good or great; used especially as intensifiers",
      "large and impressive in physical size or extent",
      "the most important and magnificent in adornment"
    ]
  },
  {
    "word": "Grave",
    "definitions": [
      "of great gravity or crucial import; requiring serious thought",
      "dignified and somber in manner or character and committed to keeping promises",
      "causing fear or anxiety by threatening great harm"
    ]
  },
  {
    "word": "Great",
    "definitions": [
      "in an advanced stage of pregnancy",
      "of major significance or importance",
      "uppercase",
      "very good",
      "relatively large in size or number or extent; larger than others of its kind",
      "remarkable or out of the ordinary in degree or magnitude or effect"
    ]
  },
  {
    "word": "Grievous",
    "definitions": [
      "of great gravity or crucial import; requiring serious thought",
      "causing or marked by grief or anguish",
      "shockingly brutal or cruel",
      "causing fear or anxiety by threatening great harm"
    ]
  },
  {
    "word": "Grim",
    "definitions": [
      "harshly uninviting or formidable in manner or appearance",
      "causing dejection",
      "not to be placated or appeased or moved by entreaty",
      "shockingly repellent; inspiring horror",
      "filled with melancholy and despondency",
      "harshly ironic or sinister"
    ]
  },
  {
    "word": "Grisly",
    "definitions": [
      "shockingly repellent; inspiring horror"
    ]
  },
  {
    "word": "Gross",
    "definitions": [
      "without qualification; used informally as (often pejorative) intensifiers",
      "repellently fat",
      "conspicuously and outrageously bad or reprehensible",
      "visible to the naked eye (especially of rocks and anatomical features)",
      "conspicuously and tastelessly indecent",
      "before any deductions",
      "lacking fine distinctions or detail"
    ]
  },
  {
    "word": "Grueling",
    "definitions": [
      "characterized by effort to the point of exhaustion; especially physical effort"
    ]
  },
  {
    "word": "Gruesome",
    "definitions": [
      "shockingly repellent; inspiring horror"
    ]
  },
  {
    "word": "Guileful",
    "definitions": [
      "marked by skill in deception"
    ]
  },
  {
    "word": "Hard",
    "definitions": [
      "(of light) transmitted directly from a pointed light source",
      "unfortunate or hard to bear",
      "produced without vibration of the vocal cords",
      "very strong or vigorous",
      "given to excessive indulgence of bodily appetites especially for intoxicating liquors",
      "not easy; requiring great physical or mental effort to accomplish or comprehend or endure",
      "being distilled rather than fermented; having a high alcoholic content",
      "characterized by effort to the point of exhaustion; especially physical effort",
      "dispassionate",
      "dried out",
      "(of speech sounds); produced with the back of the tongue raised toward or touching the velum",
      "resisting weight or pressure"
    ]
  },
  {
    "word": "Heavily",
    "definitions": []
  },
  {
    "word": "Heavy",
    "definitions": [
      "lacking lightness or liveliness",
      "slow and laborious because of weight",
      "of great gravity or crucial import; requiring serious thought",
      "requiring or showing effort",
      "full of; bearing great weight",
      "prodigious",
      "darkened by clouds",
      "(used of soil) compact and fine-grained",
      "in an advanced stage of pregnancy",
      "usually describes a large person who is fat but has a large frame to carry it",
      "permitting little if any light to pass through because of denseness of matter",
      "full and loud and deep",
      "(of sleep) deep and complete",
      "given to excessive indulgence of bodily appetites especially for intoxicating liquors",
      "characterized by effort to the point of exhaustion; especially physical effort",
      "dense or inadequately leavened and hence likely to cause distress in the alimentary canal",
      "large and powerful; especially designed for heavy loads or rough work",
      "made of fabric having considerable thickness",
      "marked by great psychological weight; weighted down especially with sadness or troubles or weariness",
      "(of an actor or role) being or playing the villain",
      "of comparatively great physical weight or density",
      "of great intensity or power or force",
      "of relatively large extent and density",
      "(physics, chemistry) being or containing an isotope with greater than average atomic mass or weight",
      "sharply inclined",
      "unusually great in degree or quantity or number"
    ]
  },
  {
    "word": "Hefty",
    "definitions": [
      "large in amount or extent or degree",
      "(of a person) possessing physical strength and weight; rugged and powerful",
      "of considerable weight and size"
    ]
  },
  {
    "word": "Herculean",
    "definitions": [
      "displaying superhuman strength or power",
      "extremely difficult; requiring the strength of a Hercules"
    ]
  },
  {
    "word": "Heroic",
    "definitions": [
      "of behavior that is impressive and ambitious in scale or scope",
      "showing extreme courage; especially of actions courageously undertaken in desperation as a last resort",
      "having or displaying qualities appropriate for heroes",
      "very imposing or impressive; surpassing the ordinary (especially in size or scale)"
    ]
  },
  {
    "word": "Howling",
    "definitions": [
      "extraordinarily good or great; used especially as intensifiers"
    ]
  },
  {
    "word": "Idealistic",
    "definitions": [
      "of or relating to the philosophical doctrine of the reality of ideas",
      "of high moral or intellectual value; elevated in nature or style"
    ]
  },
  {
    "word": "Idiotic",
    "definitions": [
      "insanely irresponsible",
      "having a mental age of three to seven years",
      "so unreasonable as to invite derision"
    ]
  },
  {
    "word": "Immediate",
    "definitions": [
      "very close or connected in space or time",
      "performed with little or no delay",
      "having no intervening medium",
      "immediately before or after as in a chain of cause and effect",
      "of the present time and place"
    ]
  },
  {
    "word": "Impenetrable",
    "definitions": [
      "permitting little if any light to pass through because of denseness of matter",
      "impossible to understand",
      "not admitting of penetration or passage into or through"
    ]
  },
  {
    "word": "Imperfect",
    "definitions": [
      "wanting in moral strength, courage, or will; having the attributes of man as opposed to e.g. divine beings",
      "not perfect; defective or inadequate"
    ]
  },
  {
    "word": "Imposing",
    "definitions": [
      "impressive in appearance",
      "used of a person's appearance or behavior; befitting an eminent person"
    ]
  },
  {
    "word": "Impregnable",
    "definitions": [
      "immune to attack; incapable of being tampered with",
      "incapable of being overcome, challenged or refuted",
      "capable of conceiving"
    ]
  },
  {
    "word": "Incapacitating",
    "definitions": [
      "that cripples or disables or incapacitates"
    ]
  },
  {
    "word": "Inexorable",
    "definitions": [
      "impervious to pleas, persuasion, requests, reason",
      "not to be placated or appeased or moved by entreaty"
    ]
  },
  {
    "word": "Infirm",
    "definitions": [
      "lacking bodily or muscular strength or vitality",
      "lacking firmness of will or character or purpose"
    ]
  },
  {
    "word": "Infuriated",
    "definitions": [
      "marked by extreme anger"
    ]
  },
  {
    "word": "Ingenious",
    "definitions": [
      "showing inventiveness and skill"
    ]
  },
  {
    "word": "Insensible",
    "definitions": [
      "barely able to be perceived",
      "unaware of or indifferent to",
      "unresponsive to stimulation",
      "incapable of physical sensation"
    ]
  },
  {
    "word": "Intemperate",
    "definitions": [
      "given to excessive indulgence of bodily appetites especially for intoxicating liquors",
      "excessive in behavior",
      "(of weather or climate) not mild; subject to extremes"
    ]
  },
  {
    "word": "Inviolable",
    "definitions": [
      "immune to attack; incapable of being tampered with",
      "must be kept sacred",
      "not capable of being violated or infringed",
      "incapable of being transgressed or dishonored"
    ]
  },
  {
    "word": "Irritating",
    "definitions": [
      "(used of physical stimuli) serving to stimulate or excite",
      "causing physical discomfort",
      "causing irritation or annoyance"
    ]
  },
  {
    "word": "Knavish",
    "definitions": [
      "marked by skill in deception"
    ]
  },
  {
    "word": "Labored",
    "definitions": [
      "lacking natural ease",
      "requiring or showing effort"
    ]
  },
  {
    "word": "Laborious",
    "definitions": [
      "characterized by effort to the point of exhaustion; especially physical effort"
    ]
  },
  {
    "word": "Large",
    "definitions": [
      "in an advanced stage of pregnancy",
      "conspicuous in position or importance",
      "generous and understanding and tolerant",
      "above average in size or number or quantity or magnitude or extent",
      "ostentatiously lofty in style",
      "fairly large or important in effect; influential",
      "having broad power and range and scope"
    ]
  },
  {
    "word": "Laughable",
    "definitions": [
      "arousing or provoking laughter",
      "so unreasonable as to invite derision"
    ]
  },
  {
    "word": "Lethal",
    "definitions": [
      "of an instrument of certain death"
    ]
  },
  {
    "word": "Lifeless",
    "definitions": [
      "deprived of life; no longer living",
      "destitute or having been emptied of life or living beings",
      "lacking animation or excitement or activity",
      "not having the capacity to support life"
    ]
  },
  {
    "word": "Lofty",
    "definitions": [
      "of high moral or intellectual value; elevated in nature or style",
      "having or displaying great dignity or nobility",
      "of imposing height; especially standing out above others"
    ]
  },
  {
    "word": "Lordly",
    "definitions": [
      "having or showing arrogant superiority to and disdain of those one views as unworthy",
      "of or befitting a lord"
    ]
  },
  {
    "word": "Low",
    "definitions": [
      "no longer sufficient",
      "used of sounds and voices; low in pitch or frequency",
      "subdued or brought low in condition or status",
      "of the most contemptible kind",
      "filled with melancholy and despondency",
      "low or inferior in station or quality",
      "very low in volume",
      "less than normal in degree or intensity or amount",
      "literal meanings; being at or having a relatively small elevation or upward extension",
      "unrefined in character"
    ]
  },
  {
    "word": "Lowering",
    "definitions": [
      "darkened by clouds"
    ]
  },
  {
    "word": "Lumbering",
    "definitions": [
      "slow and laborious because of weight"
    ]
  },
  {
    "word": "Lush",
    "definitions": [
      "tender and full of juice",
      "having strong sexual appeal",
      "ostentatiously rich and superior in quality",
      "produced or growing in extreme abundance"
    ]
  },
  {
    "word": "Mad",
    "definitions": [
      "roused to anger",
      "affected with madness or insanity",
      "marked by uncontrolled excitement or emotion",
      "very foolish"
    ]
  },
  {
    "word": "Maddened",
    "definitions": [
      "marked by extreme anger"
    ]
  },
  {
    "word": "Magisterial",
    "definitions": [
      "used of a person's appearance or behavior; befitting an eminent person",
      "offensively self-assured or given to exercising usually unwarranted power"
    ]
  },
  {
    "word": "Mammoth",
    "definitions": [
      "so exceedingly large or extensive as to suggest a giant or mammoth"
    ]
  },
  {
    "word": "Marvelous",
    "definitions": [
      "too improbable to admit of belief",
      "being or having the character of a miracle",
      "extraordinarily good or great; used especially as intensifiers"
    ]
  },
  {
    "word": "Meek",
    "definitions": [
      "evidencing little spirit or courage; overly submissive or compliant",
      "very docile",
      "humble in spirit or manner; suggesting retiring mildness or even cowed submissiveness"
    ]
  },
  {
    "word": "Mightily",
    "definitions": []
  },
  {
    "word": "Mighty",
    "definitions": [
      "having or showing great strength or force or intensity"
    ]
  },
  {
    "word": "Mindless",
    "definitions": [
      "not mindful or attentive",
      "not marked by the use of reason",
      "devoid of intelligence or thought",
      "lacking the thinking capacity characteristic of a conscious being",
      "requiring little mental effort"
    ]
  },
  {
    "word": "Modest",
    "definitions": [
      "not large but sufficient in size or amount",
      "relatively moderate, limited, or small",
      "low or inferior in station or quality",
      "humble in spirit or manner; suggesting retiring mildness or even cowed submissiveness",
      "free from pomp or affectation",
      "marked by simplicity; having a humble opinion of yourself",
      "not offensive to sexual mores in conduct or appearance"
    ]
  },
  {
    "word": "Monolithic",
    "definitions": [
      "imposing in size or bulk or solidity",
      "characterized by massiveness and rigidity and total uniformity"
    ]
  },
  {
    "word": "Monumental",
    "definitions": [
      "imposing in size or bulk or solidity",
      "of outstanding significance"
    ]
  },
  {
    "word": "Mordant",
    "definitions": [
      "of a substance, especially a strong acid; capable of destroying or eating away by chemical action",
      "harshly ironic or sinister"
    ]
  },
  {
    "word": "Mortal",
    "definitions": [
      "causing or capable of causing death",
      "involving loss of divine grace or spiritual death",
      "subject to death",
      "unrelenting and deadly"
    ]
  },
  {
    "word": "Muscular",
    "definitions": [
      "having a robust muscular body-build characterized by predominance of structures (bone and muscle and connective tissue) developed from the embryonic mesodermal layer",
      "(of a person) possessing physical strength and weight; rugged and powerful",
      "having or suggesting great physical power or force"
    ]
  },
  {
    "word": "Nettlesome",
    "definitions": [
      "easily irritated or annoyed",
      "causing irritation or annoyance"
    ]
  },
  {
    "word": "Nimble",
    "definitions": [
      "mentally quick",
      "moving quickly and lightly"
    ]
  },
  {
    "word": "Nitwitted",
    "definitions": [
      "(of especially persons) lacking sense or understanding or judgment"
    ]
  },
  {
    "word": "Nonsensical",
    "definitions": [
      "having no intelligible meaning",
      "so unreasonable as to invite derision"
    ]
  },
  {
    "word": "Otiose",
    "definitions": [
      "serving no useful purpose; having no excuse for being",
      "producing no result or effect",
      "disinclined to work or exertion"
    ]
  },
  {
    "word": "Perfect",
    "definitions": [
      "without qualification; used informally as (often pejorative) intensifiers",
      "being complete of its kind and without defect or blemish",
      "precisely accurate or exact"
    ]
  },
  {
    "word": "Pernicious",
    "definitions": [
      "working or spreading in a hidden and usually injurious way",
      "exceedingly harmful"
    ]
  },
  {
    "word": "Persistent",
    "definitions": [
      "continually recurring to the mind",
      "never-ceasing",
      "stubbornly unyielding",
      "retained; not shed"
    ]
  },
  {
    "word": "Pesky",
    "definitions": [
      "causing irritation or annoyance"
    ]
  },
  {
    "word": "Pestering",
    "definitions": [
      "causing irritation or annoyance"
    ]
  },
  {
    "word": "Pestiferous",
    "definitions": [
      "tending to corrupt or pervert",
      "causing irritation or annoyance",
      "likely to spread and cause an epidemic disease",
      "contaminated with infecting organisms"
    ]
  },
  {
    "word": "Pestilent",
    "definitions": [
      "likely to spread and cause an epidemic disease",
      "exceedingly harmful"
    ]
  },
  {
    "word": "Phrenetic",
    "definitions": [
      "excessively agitated; distraught with fear or other violent emotion"
    ]
  },
  {
    "word": "Pitiless",
    "definitions": [
      "without mercy or pity",
      "deficient in humane and kindly feelings"
    ]
  },
  {
    "word": "Plaguey",
    "definitions": [
      "causing irritation or annoyance",
      "likely to spread and cause an epidemic disease"
    ]
  },
  {
    "word": "Plaguy",
    "definitions": [
      "causing irritation or annoyance"
    ]
  },
  {
    "word": "Pointless",
    "definitions": [
      "not having a point especially a sharp point",
      "serving no useful purpose; having no excuse for being",
      "having no points scores"
    ]
  },
  {
    "word": "Poisonous",
    "definitions": [
      "having the qualities or effects of a poison",
      "marked by deep ill will; deliberately harmful",
      "not safe to eat"
    ]
  },
  {
    "word": "Ponderous",
    "definitions": [
      "slow and laborious because of weight",
      "having great mass and weight and unwieldiness",
      "labored and dull"
    ]
  },
  {
    "word": "Potent",
    "definitions": [
      "having great influence",
      "having or wielding force or authority",
      "(of a male) capable of copulation",
      "having a strong physiological or chemical effect"
    ]
  },
  {
    "word": "Powerful",
    "definitions": [
      "strong enough to knock down or overwhelm",
      "having great influence",
      "displaying superhuman strength or power",
      "(of a person) possessing physical strength and weight; rugged and powerful",
      "having great power or force or potency or effect"
    ]
  },
  {
    "word": "Preposterous",
    "definitions": [
      "so unreasonable as to invite derision"
    ]
  },
  {
    "word": "Princely",
    "definitions": [
      "ostentatiously rich and superior in quality",
      "having the rank of or befitting a prince"
    ]
  },
  {
    "word": "Profound",
    "definitions": [
      "far-reaching and thoroughgoing in effect especially on the nature of something",
      "situated at or extending to great depth; too deep to have been sounded or plumbed",
      "(of sleep) deep and complete",
      "coming from deep within one",
      "of the greatest intensity; complete",
      "showing intellectual penetration or emotional depth"
    ]
  },
  {
    "word": "Prompt",
    "definitions": [
      "performed with little or no delay",
      "according to schedule or without delay; on time",
      "ready and willing or quick to act"
    ]
  },
  {
    "word": "Promptly",
    "definitions": []
  },
  {
    "word": "Punishing",
    "definitions": [
      "characterized by effort to the point of exhaustion; especially physical effort"
    ]
  },
  {
    "word": "Purposeless",
    "definitions": [
      "serving no useful purpose; having no excuse for being",
      "not evidencing any purpose or goal"
    ]
  },
  {
    "word": "Quick",
    "definitions": [
      "apprehending and responding with speed and sensitivity",
      "accomplished rapidly and without delay",
      "easily aroused or excited",
      "performed with little or no delay",
      "moving quickly and lightly",
      "hurried and brief"
    ]
  },
  {
    "word": "Raging",
    "definitions": [
      "characterized by violent and forceful activity or movement; very intense",
      "(of the elements) as if showing violent anger",
      "very severe"
    ]
  },
  {
    "word": "Rarefied",
    "definitions": [
      "of high moral or intellectual value; elevated in nature or style",
      "having low density"
    ]
  },
  {
    "word": "Rarified",
    "definitions": [
      "of high moral or intellectual value; elevated in nature or style",
      "having low density"
    ]
  },
  {
    "word": "Rattling",
    "definitions": [
      "quick and energetic",
      "extraordinarily good or great; used especially as intensifiers"
    ]
  },
  {
    "word": "Ready",
    "definitions": [
      "apprehending and responding with speed and sensitivity",
      "completely prepared or in condition for immediate action or use or progress",
      "made suitable and available for immediate use",
      "mentally disposed",
      "(of especially money) immediately available"
    ]
  },
  {
    "word": "Reasonless",
    "definitions": [
      "not marked by the use of reason",
      "having no justifying cause or reason",
      "not endowed with the capacity to reason"
    ]
  },
  {
    "word": "Relentless",
    "definitions": [
      "never-ceasing",
      "not to be placated or appeased or moved by entreaty"
    ]
  },
  {
    "word": "Remorseless",
    "definitions": [
      "without mercy or pity"
    ]
  },
  {
    "word": "Reprehensible",
    "definitions": [
      "bringing or deserving severe rebuke or censure"
    ]
  },
  {
    "word": "Rickety",
    "definitions": [
      "affected with, suffering from, or characteristic of rickets",
      "inclined to shake as from weakness or defect",
      "lacking bodily or muscular strength or vitality"
    ]
  },
  {
    "word": "Ridiculous",
    "definitions": [
      "inspiring scornful pity",
      "broadly or extravagantly humorous; resembling farce",
      "so unreasonable as to invite derision"
    ]
  },
  {
    "word": "Right",
    "definitions": [
      "correct in opinion or judgment",
      "intended for the right hand",
      "(informal) very; used informally as an intensifier",
      "socially right or correct",
      "in accord with accepted standards of usage or procedure",
      "precisely accurate",
      "free from error; especially conforming to fact or truth",
      "appropriate for a condition or purpose or occasion or a person's character, needs",
      "most suitable or right for a particular purpose",
      "being or located on or directed toward the side of the body to the east when facing north",
      "having the axis perpendicular to the base",
      "in conformance with justice or law or morality",
      "in or into a satisfactory condition",
      "of or belonging to the political or intellectual right",
      "(of the side of cloth or clothing) facing or intended to face outward"
    ]
  },
  {
    "word": "Risky",
    "definitions": [
      "involving risk or danger",
      "not financially safe or secure"
    ]
  },
  {
    "word": "Rough",
    "definitions": [
      "unpleasantly stern",
      "violently agitated and turbulent",
      "ready and able to resort to force or violence",
      "not shaped by cutting or trimming",
      "not carefully or expertly made",
      "unkind or cruel or uncivil",
      "unpleasantly harsh or grating in sound",
      "full of hardship or trials",
      "having or caused by an irregular surface",
      "not quite exact or correct",
      "causing or characterized by jolts and irregular movements",
      "not perfected",
      "(of persons or behavior) lacking refinement or finesse",
      "of the margin of a leaf shape; having the edge cut or fringed or scalloped"
    ]
  },
  {
    "word": "Sapless",
    "definitions": [
      "lacking bodily or muscular strength or vitality",
      "destitute of sap and other vital juices; dry"
    ]
  },
  {
    "word": "Saturated",
    "definitions": [
      "being the most concentrated solution possible at a given temperature; unable to dissolve still more of a substance",
      "(of color) being chromatically pure; not diluted with white or grey or black",
      "used especially of organic compounds; having all available valence bonds filled"
    ]
  },
  {
    "word": "Savage",
    "definitions": [
      "without civilizing influences",
      "marked by extreme and violent energy",
      "(of persons or their actions) able or disposed to inflict pain or suffering",
      "wild and menacing"
    ]
  },
  {
    "word": "Secure",
    "definitions": [
      "immune to attack; incapable of being tampered with",
      "financially safe",
      "free from fear or doubt; easy in mind",
      "free from danger or risk",
      "not likely to fail or give way"
    ]
  },
  {
    "word": "Sensational",
    "definitions": [
      "commanding attention",
      "relating to or concerned in sensation",
      "causing intense interest, curiosity, or emotion"
    ]
  },
  {
    "word": "Serious",
    "definitions": [
      "appealing to the mind",
      "completely lacking in playfulness",
      "causing fear or anxiety by threatening great harm",
      "concerned with work or important matters rather than play or trivialities",
      "of great consequence",
      "requiring effort or concentration; complex and not easy to answer or solve"
    ]
  },
  {
    "word": "Sheer",
    "definitions": [
      "not mixed with extraneous elements",
      "very steep; having a prominent and almost vertical front",
      "complete and without restriction or qualification; sometimes used informally as intensifiers",
      "so thin as to transmit light"
    ]
  },
  {
    "word": "Sinewy",
    "definitions": [
      "(of meat) full of sinews; especially impossible to chew",
      "consisting of tendons or resembling a tendon",
      "(of a person) possessing physical strength and weight; rugged and powerful"
    ]
  },
  {
    "word": "Slick",
    "definitions": [
      "having only superficial plausibility",
      "superficially impressive, but lacking depth and attention to the true complexities of a subject",
      "having a smooth, gleaming surface reflecting light",
      "marked by skill in deception",
      "made slick by e.g. ice or grease"
    ]
  },
  {
    "word": "Sneaky",
    "definitions": [
      "marked by deception",
      "marked by quiet and caution and secrecy; taking pains to avoid being observed"
    ]
  },
  {
    "word": "Sodding",
    "definitions": [
      "without qualification; used informally as (often pejorative) intensifiers"
    ]
  },
  {
    "word": "Soft",
    "definitions": [
      "not brilliant or glaring",
      "(used chiefly as a direction or description in music) soft; in a quiet, subdued tone",
      "produced with vibration of the vocal cords",
      "out of condition; not strong or robust; incapable of exertion or endurance",
      "(of light) transmitted from a broad light source or reflected",
      "easily hurt",
      "having little impact",
      "tolerant or lenient",
      "mild and pleasant",
      "not burdensome or demanding; borne or done easily and without hardship",
      "soft and mild; not harsh or stern or severe",
      "compassionate and kind; conciliatory",
      "(of a commodity or market or currency) falling or likely to fall in value",
      "(of sound) relatively low in volume",
      "(of speech sounds); produced with the back of the tongue raised toward the hard palate; characterized by a hissing or hushing sound (as `s' and `sh')",
      "using evidence not readily amenable to experimental verification or refutation",
      "willing to negotiate and compromise",
      "yielding readily to pressure or weight"
    ]
  },
  {
    "word": "Solid",
    "definitions": [
      "providing abundant nourishment",
      "of good quality and condition; solidly built",
      "acting together as a single undiversified whole",
      "of the same color throughout",
      "meriting respect or esteem",
      "not soft or yielding to pressure",
      "characterized by good substantial quality",
      "entirely of one substance with no holes inside",
      "financially sound",
      "having three dimensions",
      "impenetrable for the eye",
      "of a substantial character and not frivolous or superficial",
      "of definite shape and volume; firm; neither liquid nor gaseous",
      "of one substance or character throughout",
      "uninterrupted in space; having no gaps or breaks"
    ]
  },
  {
    "word": "Sonorous",
    "definitions": [
      "full and loud and deep"
    ]
  },
  {
    "word": "Sorry",
    "definitions": [
      "bad; unfortunate",
      "causing dejection",
      "without merit; of little or no value or use",
      "feeling or expressing regret or sorrow or a sense of loss over something done or undone"
    ]
  },
  {
    "word": "Soundless",
    "definitions": [
      "marked by absence of sound"
    ]
  },
  {
    "word": "Speedy",
    "definitions": [
      "characterized by speed; moving with or capable of moving with high speed",
      "accomplished rapidly and without delay"
    ]
  },
  {
    "word": "Spry",
    "definitions": [
      "moving quickly and lightly"
    ]
  },
  {
    "word": "Stark",
    "definitions": [
      "without qualification; used informally as (often pejorative) intensifiers",
      "providing no shelter or sustenance",
      "devoid of any qualifications or disguise or adornment",
      "severely simple",
      "complete or extreme"
    ]
  },
  {
    "word": "Stealthy",
    "definitions": [
      "marked by quiet and caution and secrecy; taking pains to avoid being observed"
    ]
  },
  {
    "word": "Stern",
    "definitions": [
      "of a stern or strict bearing or demeanor; forbidding in aspect",
      "severe and unremitting in making demands",
      "severely simple",
      "not to be placated or appeased or moved by entreaty"
    ]
  },
  {
    "word": "Stiff",
    "definitions": [
      "very drunk",
      "incapable of or resistant to bending",
      "marked by firm determination or resolution; not shakable",
      "rigidly formal",
      "having a strong physiological or chemical effect",
      "not moving or operating freely",
      "powerful"
    ]
  },
  {
    "word": "Straight",
    "definitions": [
      "characterized by honesty and fairness",
      "rigidly conventional or old-fashioned",
      "without evasion or compromise",
      "successive (without a break)",
      "accurately fitted; level",
      "no longer coiled",
      "(of an alcoholic drink) without water",
      "erect in posture",
      "following a correct or logical method",
      "free from curves or angles",
      "having no deviations",
      "in keeping with the facts",
      "neatly arranged; not disorderly",
      "not homosexual",
      "(of hair) having no waves or curls"
    ]
  },
  {
    "word": "Strong",
    "definitions": [
      "immune to attack; incapable of being tampered with",
      "of good quality and condition; solidly built",
      "having or wielding force or authority",
      "strong and sure",
      "having a strong physiological or chemical effect",
      "freshly made or left",
      "being distilled rather than fermented; having a high alcoholic content",
      "having strength or power greater than average or expected",
      "not faint or feeble",
      "of verbs not having standard (or regular) inflection"
    ]
  },
  {
    "word": "Sublime",
    "definitions": [
      "inspiring awe",
      "worthy of adoration or reverence",
      "greatest or maximal in degree; extreme",
      "of high moral or intellectual value; elevated in nature or style",
      "lifted up or set high"
    ]
  },
  {
    "word": "Substantial",
    "definitions": [
      "having an abundant supply of money or possessions of value",
      "providing abundant nourishment",
      "of good quality and condition; solidly built",
      "of or relating to the real nature or essential elements of something",
      "having substance or capable of being treated as fact; not imaginary",
      "of considerable importance, size, or worth"
    ]
  },
  {
    "word": "Sullen",
    "definitions": [
      "darkened by clouds",
      "showing a brooding ill humor"
    ]
  },
  {
    "word": "Sumptuous",
    "definitions": [
      "ostentatiously rich and superior in quality"
    ]
  },
  {
    "word": "Superfluous",
    "definitions": [
      "serving no useful purpose; having no excuse for being",
      "more than is needed, desired, or required"
    ]
  },
  {
    "word": "Surreptitious",
    "definitions": [
      "conducted with or marked by hidden aims or methods",
      "marked by quiet and caution and secrecy; taking pains to avoid being observed"
    ]
  },
  {
    "word": "Tacit",
    "definitions": [
      "implied by or inferred from actions or statements"
    ]
  },
  {
    "word": "Tearing",
    "definitions": [
      "marked by extreme intensity of emotions or convictions; inclined to react violently; fervid"
    ]
  },
  {
    "word": "Teasing",
    "definitions": [
      "playfully vexing (especially by ridicule)",
      "causing irritation or annoyance",
      "arousing sexual desire without intending to satisfy it"
    ]
  },
  {
    "word": "Tempestuous",
    "definitions": [
      "characterized by violent emotions or behavior",
      "(of the elements) as if showing violent anger"
    ]
  },
  {
    "word": "Terrible",
    "definitions": [
      "causing fear or dread or terror",
      "extreme in degree or extent or amount or impact",
      "intensely or extremely bad or unpleasant in degree or quality",
      "exceptionally bad or displeasing"
    ]
  },
  {
    "word": "Terrific",
    "definitions": [
      "causing extreme terror",
      "extraordinarily good or great; used especially as intensifiers",
      "very great or intense"
    ]
  },
  {
    "word": "Thoroughgoing",
    "definitions": [
      "without qualification; used informally as (often pejorative) intensifiers",
      "performed comprehensively and completely; not superficial or partial"
    ]
  },
  {
    "word": "Threatening",
    "definitions": [
      "darkened by clouds",
      "threatening or foreshadowing evil or tragic developments"
    ]
  },
  {
    "word": "Threefold",
    "definitions": [
      "having more than one decidedly dissimilar aspects or qualities",
      "three times as great or many"
    ]
  },
  {
    "word": "Toilsome",
    "definitions": [
      "characterized by effort to the point of exhaustion; especially physical effort"
    ]
  },
  {
    "word": "Tremendous",
    "definitions": [
      "extreme in degree or extent or amount or impact",
      "extraordinarily large in size or extent or amount or power or degree",
      "extraordinarily good or great; used especially as intensifiers"
    ]
  },
  {
    "word": "Tricksy",
    "definitions": [
      "marked by skill in deception"
    ]
  },
  {
    "word": "Tricky",
    "definitions": [
      "having concealed difficulty",
      "not to be trusted",
      "marked by skill in deception"
    ]
  },
  {
    "word": "Twofold",
    "definitions": [
      "having more than one decidedly dissimilar aspects or qualities",
      "twice as great or many"
    ]
  },
  {
    "word": "Unaccented",
    "definitions": [
      "(used of vowels or syllables) pronounced with little or no stress",
      "(used of syllables) carrying no stress"
    ]
  },
  {
    "word": "Unadulterated",
    "definitions": [
      "without qualification; used informally as (often pejorative) intensifiers",
      "not mixed with impurities"
    ]
  },
  {
    "word": "Unappeasable",
    "definitions": [
      "not to be placated or appeased or moved by entreaty"
    ]
  },
  {
    "word": "Unassailable",
    "definitions": [
      "without flaws or loopholes",
      "immune to attack; incapable of being tampered with",
      "impossible to assail"
    ]
  },
  {
    "word": "Unattackable",
    "definitions": [
      "immune to attack; incapable of being tampered with"
    ]
  },
  {
    "word": "Unbelievable",
    "definitions": [
      "having a probability too low to inspire belief",
      "beyond belief or understanding"
    ]
  },
  {
    "word": "Uncivilized",
    "definitions": [
      "without civilizing influences"
    ]
  },
  {
    "word": "Uncongenial",
    "definitions": [
      "very unfavorable to life or growth",
      "not suitable to your tastes or needs",
      "used of plant stock or scions; incapable of being grafted"
    ]
  },
  {
    "word": "Unforgiving",
    "definitions": [
      "not to be placated or appeased or moved by entreaty",
      "unwilling or unable to forgive or show mercy"
    ]
  },
  {
    "word": "Unfriendly",
    "definitions": [
      "not friendly",
      "very unfavorable to life or growth",
      "not disposed to friendship or friendliness",
      "not easy to understand or use"
    ]
  },
  {
    "word": "Unmediated",
    "definitions": [
      "having no intervening persons, agents, conditions"
    ]
  },
  {
    "word": "Unpitying",
    "definitions": [
      "without mercy or pity"
    ]
  },
  {
    "word": "Unrelenting",
    "definitions": [
      "never-ceasing",
      "not to be placated or appeased or moved by entreaty",
      "punishingly harsh"
    ]
  },
  {
    "word": "Unrestrained",
    "definitions": [
      "marked by uncontrolled excitement or emotion",
      "not subject to restraint"
    ]
  },
  {
    "word": "Unsounded",
    "definitions": [
      "not made to sound",
      "situated at or extending to great depth; too deep to have been sounded or plumbed"
    ]
  },
  {
    "word": "Utmost",
    "definitions": [
      "of the greatest possible degree or extent or intensity",
      "highest in extent or degree",
      "(comparatives of `far') most remote in space or time or order"
    ]
  },
  {
    "word": "Utter",
    "definitions": [
      "without qualification; used informally as (often pejorative) intensifiers",
      "complete and absolute"
    ]
  },
  {
    "word": "Uttermost",
    "definitions": [
      "of the greatest possible degree or extent or intensity",
      "(comparatives of `far') most remote in space or time or order"
    ]
  },
  {
    "word": "Vehement",
    "definitions": [
      "marked by extreme intensity of emotions or convictions; inclined to react violently; fervid",
      "characterized by great force or energy"
    ]
  },
  {
    "word": "Venomous",
    "definitions": [
      "marked by deep ill will; deliberately harmful",
      "extremely poisonous or injurious; producing venom"
    ]
  },
  {
    "word": "Vestal",
    "definitions": [
      "in a state of sexual virginity"
    ]
  },
  {
    "word": "Vexation",
    "definitions": []
  },
  {
    "word": "Vexatious",
    "definitions": [
      "causing irritation or annoyance"
    ]
  },
  {
    "word": "Vexing",
    "definitions": [
      "extremely annoying or displeasing",
      "causing irritation or annoyance"
    ]
  },
  {
    "word": "Vicious",
    "definitions": [
      "having the nature of vice",
      "marked by deep ill will; deliberately harmful",
      "(of persons or their actions) able or disposed to inflict pain or suffering",
      "bringing or deserving severe rebuke or censure"
    ]
  },
  {
    "word": "Violent",
    "definitions": [
      "characterized by violence or bloodshed",
      "marked by extreme intensity of emotions or convictions; inclined to react violently; fervid",
      "(of colors or sounds) intensely vivid or loud",
      "acting with or marked by or resulting from great force or energy or emotional intensity",
      "effected by force or injury rather than natural causes"
    ]
  },
  {
    "word": "Virgin",
    "definitions": [
      "in a state of sexual virginity",
      "being used or worked for the first time"
    ]
  },
  {
    "word": "Virile",
    "definitions": [
      "characteristic of a man",
      "(of a male) capable of copulation",
      "characterized by energy and vigor"
    ]
  },
  {
    "word": "Virtuous",
    "definitions": [
      "in a state of sexual virginity",
      "morally excellent"
    ]
  },
  {
    "word": "Virulent",
    "definitions": [
      "harsh or corrosive in tone",
      "extremely poisonous or injurious; producing venom",
      "infectious; having the ability to cause disease"
    ]
  },
  {
    "word": "Vital",
    "definitions": [
      "urgently needed; absolutely necessary",
      "performing an essential function in the living body",
      "full of spirit; full of life",
      "manifesting or characteristic of life"
    ]
  },
  {
    "word": "Vivid",
    "definitions": [
      "evoking lifelike images within the mind",
      "(of color) having the highest saturation",
      "having strong or striking color",
      "having the clarity and freshness of immediate experience"
    ]
  },
  {
    "word": "Wakeless",
    "definitions": [
      "(of sleep) deep and complete"
    ]
  },
  {
    "word": "Warm",
    "definitions": [
      "easily aroused or excited",
      "characterized by strong enthusiasm",
      "freshly made or left",
      "characterized by liveliness or excitement or disagreement",
      "having or producing a comfortable and agreeable degree of heat or imparting or maintaining heat",
      "inducing the impression of warmth; used especially of reds and oranges and yellows when referring to color",
      "of a seeker; near to the object sought",
      "psychologically warm; friendly and responsive",
      "uncomfortable because of possible danger or trouble"
    ]
  },
  {
    "word": "Washy",
    "definitions": [
      "overly diluted; thin and insipid",
      "having lost freshness or brilliance of color"
    ]
  },
  {
    "word": "Wasted",
    "definitions": [
      "not used to good advantage",
      "(of an organ or body part) diminished in size or strength as a result of disease or injury or lack of use",
      "serving no useful purpose; having no excuse for being",
      "very thin especially from disease or hunger or cold"
    ]
  },
  {
    "word": "Watery",
    "definitions": [
      "wet with secreted or exuded moisture such as sweat or tears",
      "overly diluted; thin and insipid",
      "filled with water",
      "relating to or resembling or consisting of water"
    ]
  },
  {
    "word": "Weak",
    "definitions": [
      "deficient in magnitude; barely perceptible; lacking clarity or brightness or loudness etc",
      "(used of vowels or syllables) pronounced with little or no stress",
      "overly diluted; thin and insipid",
      "wanting in moral strength, courage, or will; having the attributes of man as opposed to e.g. divine beings",
      "lacking bodily or muscular strength or vitality",
      "deficient in intelligence or mental power",
      "deficient or lacking in some skill",
      "likely to fail under stress or pressure",
      "not having authority, political strength, or governing power",
      "tending downward in price",
      "(used of verbs) having standard (or regular) inflection",
      "wanting in physical strength"
    ]
  },
  {
    "word": "Weighty",
    "definitions": [
      "excessively fat",
      "powerfully persuasive",
      "of great gravity or crucial import; requiring serious thought",
      "weighing heavily on the spirit; causing anxiety or worry"
    ]
  },
  {
    "word": "Wicked",
    "definitions": [
      "having committed unrighteous acts",
      "naughtily or annoyingly playful",
      "intensely or extremely bad or unpleasant in degree or quality",
      "highly offensive; arousing aversion or disgust",
      "morally bad in principle or practice"
    ]
  },
  {
    "word": "Wild",
    "definitions": [
      "without civilizing influences",
      "without a basis in reason or fact",
      "in a natural state; not tamed or domesticated or cultivated",
      "fanciful and unrealistic; foolish",
      "talking or behaving irrationally",
      "involving risk or danger",
      "located in a dismal or remote area; desolate",
      "(of the elements) as if showing violent anger",
      "intensely enthusiastic about or preoccupied with",
      "(of colors or sounds) intensely vivid or loud",
      "deviating widely from an intended course",
      "in a state of extreme emotion",
      "marked by extreme lack of restraint or control"
    ]
  },
  {
    "word": "Wily",
    "definitions": [
      "marked by skill in deception"
    ]
  },
  {
    "word": "Withering",
    "definitions": [
      "making light of",
      "wreaking or capable of wreaking complete destruction"
    ]
  },
  {
    "word": "Witless",
    "definitions": [
      "(of especially persons) lacking sense or understanding or judgment",
      "(used as complement) to the utmost degree"
    ]
  },
  {
    "word": "Wonderful",
    "definitions": [
      "extraordinarily good or great; used especially as intensifiers"
    ]
  },
  {
    "word": "Wondrous",
    "definitions": [
      "extraordinarily good or great; used especially as intensifiers"
    ]
  }
]